day,well_role,injection_flow,extraction_flow,ph,dissolved_oxygen,uranium_assay,synthetic_record
0,central_extraction,0.000000,4.749048,6.654252,2.372783,1.379626,True
0,injector_1,1.085519,0.000000,6.720928,2.437277,1.397293,True
0,injector_2,1.271611,0.000000,6.764130,2.391063,1.439749,True
0,injector_3,1.252519,0.000000,6.657559,2.282618,1.304716,True
0,injector_4,1.213621,0.000000,6.583002,2.269675,1.368095,True
1,central_extraction,0.000000,4.736269,6.657161,2.477125,,True
1,injector_1,1.242722,0.000000,6.726313,2.428584,,True
1,injector_2,1.247685,0.000000,6.753267,2.319451,1.464079,True
1,injector_3,1.299896,0.000000,6.631505,2.328507,,True
1,injector_4,1.184878,0.000000,6.539850,2.187460,,True
2,central_extraction,0.000000,4.713556,6.658100,2.452444,,True
2,injector_1,1.220190,0.000000,6.727622,2.456766,,True
2,injector_2,1.325016,0.000000,6.756455,2.380957,,True
2,injector_3,1.291676,0.000000,6.661681,2.237081,1.373770,True
2,injector_4,1.290819,0.000000,6.618682,2.225850,,True
3,central_extraction,0.000000,4.740131,6.681661,2.449548,1.408894,True
3,injector_1,1.182953,0.000000,6.754177,2.455971,1.397357,True
3,injector_2,1.278347,0.000000,6.743914,2.286542,,True
3,injector_3,1.335826,0.000000,6.655644,2.305002,,True
3,injector_4,1.255931,0.000000,6.598056,2.184231,1.318706,True
4,central_extraction,0.000000,4.954085,6.691952,2.391227,,True
4,injector_1,1.185067,0.000000,6.737902,2.382449,,True
4,injector_2,1.301189,0.000000,6.750284,2.366809,1.437665,True
4,injector_3,1.305219,0.000000,6.683215,2.295973,,True
4,injector_4,1.243358,0.000000,6.647263,2.195867,,True
5,central_extraction,0.000000,4.975146,6.664775,2.418186,,True
5,injector_1,1.239262,0.000000,6.762563,2.375578,,True
5,injector_2,1.356434,0.000000,6.736815,2.316586,,True
5,injector_3,1.358043,0.000000,6.618068,2.262545,1.396314,True
5,injector_4,1.245243,0.000000,6.604334,2.213176,,True
6,central_extraction,0.000000,5.021396,6.669101,2.365789,1.324913,True
6,injector_1,1.128163,0.000000,6.778325,2.356030,1.324083,True
6,injector_2,1.341904,0.000000,6.739311,2.328538,,True
6,injector_3,1.291802,0.000000,6.650597,2.303337,,True
6,injector_4,1.151849,0.000000,6.571008,2.193375,1.247934,True
7,central_extraction,0.000000,4.889092,6.655224,2.450889,,True
7,injector_1,1.130632,0.000000,6.711315,2.377469,,True
7,injector_2,1.313940,0.000000,6.687663,2.388681,1.406633,True
7,injector_3,1.279264,0.000000,6.620221,2.253486,,True
7,injector_4,1.243442,0.000000,6.540665,2.236495,,True
8,central_extraction,0.000000,5.046871,6.689158,2.426707,,True
8,injector_1,1.163323,0.000000,6.734741,2.400594,,True
8,injector_2,1.304306,0.000000,6.750175,2.331193,,True
8,injector_3,1.266135,0.000000,6.686519,2.233637,1.307264,True
8,injector_4,1.222623,0.000000,6.577001,2.178395,,True
9,central_extraction,0.000000,4.793794,6.707741,2.427599,1.354671,True
9,injector_1,1.214373,0.000000,6.739593,2.390500,1.409571,True
9,injector_2,1.296631,0.000000,6.718113,2.333489,,True
9,injector_3,1.307507,0.000000,6.594936,2.181181,,True
9,injector_4,1.159894,0.000000,6.576902,2.212384,1.282456,True
10,central_extraction,0.000000,4.858713,6.653358,2.433881,,True
10,injector_1,1.251149,0.000000,6.777711,2.426240,,True
10,injector_2,1.283041,0.000000,6.759182,2.251565,1.309525,True
10,injector_3,1.301375,0.000000,6.670827,2.272526,,True
10,injector_4,1.209097,0.000000,6.549419,2.145355,,True
11,central_extraction,0.000000,4.876514,6.708830,2.363486,,True
11,injector_1,1.226923,0.000000,6.746347,2.458467,,True
11,injector_2,1.317424,0.000000,6.702859,2.315453,,True
11,injector_3,1.288959,0.000000,6.619993,2.165471,1.323790,True
11,injector_4,1.199717,0.000000,6.553418,2.162136,,True
12,central_extraction,0.000000,4.897978,6.655191,2.392124,1.342665,True
12,injector_1,1.275799,0.000000,6.796447,2.444336,1.425914,True
12,injector_2,1.227661,0.000000,6.713960,2.293787,,True
12,injector_3,1.247846,0.000000,6.602278,2.232958,,True
12,injector_4,1.208672,0.000000,6.528757,2.084097,1.351556,True
13,central_extraction,0.000000,5.001621,6.731978,2.431285,,True
13,injector_1,1.285020,0.000000,6.696925,2.409439,,True
13,injector_2,1.306564,0.000000,6.703820,2.292469,1.398062,True
13,injector_3,1.217228,0.000000,6.634331,2.198965,,True
13,injector_4,1.208971,0.000000,6.513662,2.165331,,True
14,central_extraction,0.000000,4.904864,6.655555,2.441772,,True
14,injector_1,1.267166,0.000000,6.764413,2.335911,,True
14,injector_2,1.296630,0.000000,6.706947,2.221208,,True
14,injector_3,1.267913,0.000000,6.572320,2.220351,,True
14,injector_4,1.221429,0.000000,6.580215,2.164514,,True
15,central_extraction,0.000000,4.803409,6.702751,2.387738,1.423441,True
15,injector_1,1.290584,0.000000,6.744748,2.316289,1.439638,True
15,injector_2,1.296701,0.000000,6.722080,2.290804,,True
15,injector_3,1.306288,0.000000,6.619099,2.252554,,True
15,injector_4,1.216383,0.000000,6.565878,2.113194,1.337528,True
16,central_extraction,0.000000,5.014356,6.669122,2.391554,,True
16,injector_1,1.282523,0.000000,6.753534,2.338217,,True
16,injector_2,1.318492,0.000000,6.688735,2.175508,1.484812,True
16,injector_3,1.271242,0.000000,6.610237,2.192614,,True
16,injector_4,1.138102,0.000000,6.571536,2.067701,,True
17,central_extraction,0.000000,5.036422,6.703950,2.369227,,True
17,injector_1,1.255176,0.000000,6.788231,2.326407,,True
17,injector_2,1.231779,0.000000,6.700154,2.263597,,True
17,injector_3,1.291336,0.000000,6.597945,2.164916,1.402246,True
17,injector_4,1.098902,0.000000,6.558758,2.123624,,True
18,central_extraction,0.000000,5.021131,6.705501,2.342858,1.451283,True
18,injector_1,1.241688,0.000000,6.744242,2.301233,1.502649,True
18,injector_2,1.307143,0.000000,6.650250,2.227623,,True
18,injector_3,1.191439,0.000000,6.647408,2.119485,,True
18,injector_4,1.128529,0.000000,6.541832,2.071941,1.398943,True
19,central_extraction,0.000000,4.992428,6.716177,2.341876,,True
19,injector_1,1.256363,0.000000,6.734846,2.282785,,True
19,injector_2,1.334289,0.000000,6.690382,2.188468,1.454557,True
19,injector_3,1.235497,0.000000,6.604083,2.220766,,True
19,injector_4,1.118072,0.000000,6.568901,2.091294,,True
20,central_extraction,0.000000,4.722253,6.744611,2.370267,,True
20,injector_1,1.311048,0.000000,6.721290,2.336510,,True
20,injector_2,1.316432,0.000000,6.751912,2.262246,,True
20,injector_3,1.284996,0.000000,6.595147,2.130673,1.454006,True
20,injector_4,1.033833,0.000000,6.539244,2.045782,,True
21,central_extraction,0.000000,4.706984,6.651147,2.373812,1.442767,True
21,injector_1,1.270431,0.000000,6.758103,2.285551,1.544632,True
21,injector_2,1.369591,0.000000,6.695372,2.222192,,True
21,injector_3,1.266353,0.000000,6.599421,2.128021,,True
21,injector_4,1.130787,0.000000,6.535515,2.107445,1.403942,True
22,central_extraction,0.000000,4.818103,6.745954,2.350042,,True
22,injector_1,1.300203,0.000000,6.791856,2.258598,,True
22,injector_2,1.279361,0.000000,6.678516,2.186581,1.532936,True
22,injector_3,1.223675,0.000000,6.595290,2.128953,,True
22,injector_4,1.102703,0.000000,6.569232,2.032297,,True
23,central_extraction,0.000000,4.754049,6.707201,2.370308,,True
23,injector_1,1.280479,0.000000,6.775266,2.282386,,True
23,injector_2,1.292877,0.000000,6.695078,2.301333,,True
23,injector_3,1.206829,0.000000,6.564705,2.081970,1.418160,True
23,injector_4,1.159339,0.000000,6.571964,2.103484,,True
24,central_extraction,0.000000,4.928196,6.676653,2.356141,1.500609,True
24,injector_1,1.323786,0.000000,6.759593,2.150458,1.581376,True
24,injector_2,1.308145,0.000000,6.664101,2.171721,,True
24,injector_3,1.206399,0.000000,6.562266,2.127873,,True
24,injector_4,1.091380,0.000000,6.531046,2.026989,1.486166,True
25,central_extraction,0.000000,4.808026,6.693505,2.366525,,True
25,injector_1,1.325712,0.000000,6.712360,2.229906,,True
25,injector_2,1.291720,0.000000,6.707500,2.163084,1.532147,True
25,injector_3,1.234627,0.000000,6.582206,2.098788,,True
25,injector_4,1.075824,0.000000,6.520996,2.022636,,True
26,central_extraction,0.000000,4.784037,6.655604,2.299111,,True
26,injector_1,1.319431,0.000000,6.748301,2.224457,,True
26,injector_2,1.255324,0.000000,6.682282,2.132434,,True
26,injector_3,1.206795,0.000000,6.572912,2.079757,1.468636,True
26,injector_4,1.139649,0.000000,6.582228,2.032702,,True
27,central_extraction,0.000000,4.770881,6.734437,2.310704,1.525694,True
27,injector_1,1.328923,0.000000,6.774644,2.232485,1.585722,True
27,injector_2,1.268406,0.000000,6.707783,2.094948,,True
27,injector_3,1.181151,0.000000,6.571860,2.129741,,True
27,injector_4,1.043382,0.000000,6.573202,2.062612,1.477663,True
28,central_extraction,0.000000,4.933271,6.740150,2.252933,,True
28,injector_1,1.356284,0.000000,6.756609,2.221167,,True
28,injector_2,1.286764,0.000000,6.662325,2.198186,1.629712,True
28,injector_3,1.162075,0.000000,6.606384,2.055958,,True
28,injector_4,1.084667,0.000000,6.521152,2.024682,,True
29,central_extraction,0.000000,4.717023,6.759982,2.274780,,True
29,injector_1,1.328214,0.000000,6.719421,2.289971,,True
29,injector_2,1.316454,0.000000,6.647464,2.100397,,True
29,injector_3,1.279030,0.000000,6.553743,2.091808,1.602761,True
29,injector_4,1.134002,0.000000,6.632796,2.084645,,True
30,central_extraction,0.000000,4.611195,6.696972,2.272325,1.650870,True
30,injector_1,1.312853,0.000000,6.780965,2.232424,1.709403,True
30,injector_2,1.253575,0.000000,6.685889,2.175402,,True
30,injector_3,1.199130,0.000000,6.556872,2.030018,,True
30,injector_4,1.096014,0.000000,6.576121,2.068175,,True
31,central_extraction,0.000000,4.792275,6.763583,2.244393,,True
31,injector_1,1.353282,0.000000,6.691441,2.147624,,True
31,injector_2,1.233814,0.000000,6.638385,2.126798,1.637976,True
31,injector_3,1.216231,0.000000,6.581192,2.107386,,True
31,injector_4,1.068910,0.000000,6.561196,2.129992,,True
32,central_extraction,0.000000,4.984516,6.754296,2.273463,,True
32,injector_1,1.295262,0.000000,6.741592,2.275826,,True
32,injector_2,1.280587,0.000000,6.659903,2.101540,,True
32,injector_3,1.118166,0.000000,6.574803,2.107991,1.671961,True
32,injector_4,1.066735,0.000000,6.519505,1.999612,,True
33,central_extraction,0.000000,4.798405,6.740832,2.262940,1.681451,True
33,injector_1,1.354131,0.000000,6.706669,2.027504,,True
33,injector_2,1.273206,0.000000,6.698440,2.039388,,True
33,injector_3,1.151056,0.000000,6.560442,2.079622,,True
33,injector_4,1.035444,0.000000,6.545785,2.002111,1.698007,True
34,central_extraction,0.000000,4.809580,6.751936,2.288132,,True
34,injector_1,1.302699,0.000000,6.735516,2.152793,,True
34,injector_2,1.238678,0.000000,6.641570,2.171003,1.671344,True
34,injector_3,1.190057,0.000000,6.555988,2.109886,,True
34,injector_4,1.067594,0.000000,6.549585,1.957566,,True
35,central_extraction,0.000000,4.715472,6.733975,2.143386,,True
35,injector_1,1.339433,0.000000,6.734685,2.175751,,True
35,injector_2,1.314343,0.000000,6.678572,2.062730,,True
35,injector_3,1.146982,0.000000,6.553972,2.040066,1.689343,True
35,injector_4,1.042618,0.000000,6.534250,2.085581,,True
36,central_extraction,0.000000,4.688526,6.787399,2.227745,1.764400,True
36,injector_1,1.257939,0.000000,6.702908,2.163227,1.771972,True
36,injector_2,1.243911,0.000000,6.641874,2.113598,,True
36,injector_3,1.139572,0.000000,6.563325,2.007588,,True
36,injector_4,1.061337,0.000000,6.579707,1.989480,1.745369,True
37,central_extraction,0.000000,4.709701,6.713790,2.254322,,True
37,injector_1,1.299800,0.000000,6.714064,2.125025,,True
37,injector_2,1.287332,0.000000,6.597620,2.098649,1.753381,True
37,injector_3,1.075294,0.000000,6.539208,2.048314,,True
37,injector_4,0.977015,0.000000,6.581512,2.013234,,True
38,central_extraction,0.000000,4.800938,6.779296,2.124635,,True
38,injector_1,1.282544,0.000000,6.730449,2.093793,,True
38,injector_2,1.229803,0.000000,6.626975,2.055161,,True
38,injector_3,1.089100,0.000000,6.560516,1.952828,1.821697,True
38,injector_4,1.065619,0.000000,6.526321,2.047521,,True
39,central_extraction,0.000000,4.634535,6.745419,2.219462,1.807935,True
39,injector_1,1.272803,0.000000,6.706335,2.172913,1.857872,True
39,injector_2,1.187286,0.000000,6.650843,1.988671,,True
39,injector_3,1.116053,0.000000,6.594976,2.059168,,True
39,injector_4,1.034604,0.000000,6.572488,2.025076,1.826595,True
40,central_extraction,0.000000,4.435472,6.786359,2.205625,,True
40,injector_1,1.310998,0.000000,6.699229,2.043843,,True
40,injector_2,1.172437,0.000000,6.600314,2.044830,1.792373,True
40,injector_3,1.125959,0.000000,6.537039,2.096050,,True
40,injector_4,1.026831,0.000000,6.585564,2.099169,,True
41,central_extraction,0.000000,4.603196,6.795641,2.206074,,True
41,injector_1,1.182469,0.000000,6.689724,2.081331,,True
41,injector_2,1.194630,0.000000,6.649726,2.057619,,True
41,injector_3,1.115881,0.000000,6.539954,2.056309,1.926675,True
41,injector_4,1.015308,0.000000,6.582532,2.095863,,True
42,central_extraction,0.000000,4.524637,6.753899,2.187007,1.920861,True
42,injector_1,1.270933,0.000000,6.706614,2.077743,1.823433,True
42,injector_2,1.209533,0.000000,6.618242,2.082104,,True
42,injector_3,1.092695,0.000000,6.593545,2.030844,,True
42,injector_4,1.004754,0.000000,6.580206,2.063865,1.801926,True
43,central_extraction,0.000000,4.621550,6.768594,2.127830,,True
43,injector_1,1.271072,0.000000,6.750102,2.103509,,True
43,injector_2,1.153064,0.000000,6.620782,2.111329,1.804150,True
43,injector_3,1.121586,0.000000,6.572702,2.016473,,True
43,injector_4,0.954207,0.000000,6.571676,1.995109,,True
44,central_extraction,0.000000,4.506137,6.731899,2.076274,,True
44,injector_1,1.228064,0.000000,6.702708,2.090866,,True
44,injector_2,1.205776,0.000000,6.584255,1.986548,,True
44,injector_3,1.099816,0.000000,6.608220,2.056692,1.941622,True
44,injector_4,0.952661,0.000000,6.583811,2.064309,,True
45,central_extraction,0.000000,4.451819,6.739062,2.171840,1.876640,True
45,injector_1,1.279086,0.000000,6.677714,2.095022,1.901013,True
45,injector_2,1.197449,0.000000,6.561050,2.062536,,True
45,injector_3,1.027839,0.000000,6.546768,2.014646,,True
45,injector_4,1.030576,0.000000,6.629265,2.038642,1.879169,True
46,central_extraction,0.000000,4.565177,6.739851,2.150025,,True
46,injector_1,1.220942,0.000000,6.728648,2.125453,,True
46,injector_2,1.229941,0.000000,6.616266,2.040958,1.873958,True
46,injector_3,1.104082,0.000000,6.563987,2.026787,,True
46,injector_4,1.003192,0.000000,6.596718,2.170130,,True
47,central_extraction,0.000000,4.460660,6.754942,2.132916,,True
47,injector_1,1.227149,0.000000,6.714585,2.104196,,True
47,injector_2,1.153627,0.000000,6.603079,2.006912,,True
47,injector_3,1.109053,0.000000,6.554013,1.982456,1.876377,True
47,injector_4,1.049055,0.000000,6.572225,2.081307,,True
48,central_extraction,0.000000,4.465639,6.740837,2.115322,1.971307,True
48,injector_1,1.258705,0.000000,6.709403,2.120980,1.935523,True
48,injector_2,1.120038,0.000000,6.624701,2.002818,,True
48,injector_3,1.125255,0.000000,6.551882,2.029889,,True
48,injector_4,0.960663,0.000000,6.583575,2.060367,1.907677,True
49,central_extraction,0.000000,4.592765,6.726892,2.109320,,True
49,injector_1,1.229859,0.000000,6.730942,2.096862,,True
49,injector_2,1.145763,0.000000,6.591071,2.058379,,True
49,injector_3,0.970222,0.000000,6.551058,2.020045,,True
49,injector_4,1.021937,0.000000,6.591404,2.084059,,True
50,central_extraction,0.000000,4.609642,6.735513,2.129746,,True
50,injector_1,1.175087,0.000000,6.729952,2.046316,,True
50,injector_2,1.108435,0.000000,6.585984,2.073105,,True
50,injector_3,1.050328,0.000000,6.566069,2.065565,1.876859,True
50,injector_4,0.970575,0.000000,6.587054,2.126861,,True
51,central_extraction,0.000000,4.284091,6.706069,2.060338,,True
51,injector_1,1.202167,0.000000,6.684177,2.098551,1.949358,True
51,injector_2,1.143481,0.000000,6.541794,2.098202,,True
51,injector_3,0.995332,0.000000,6.524643,2.111191,,True
51,injector_4,0.928102,0.000000,6.610086,2.059966,1.957811,True
52,central_extraction,0.000000,4.306100,6.790063,2.046782,,True
52,injector_1,1.203762,0.000000,6.666780,2.079777,,True
52,injector_2,1.072749,0.000000,6.569262,2.037562,1.846571,True
52,injector_3,0.989801,0.000000,6.570904,2.055639,,True
52,injector_4,0.963121,0.000000,6.601549,2.114786,,True
53,central_extraction,0.000000,4.253458,6.809299,2.086174,,True
53,injector_1,1.181066,0.000000,6.682683,2.019887,,True
53,injector_2,1.159291,0.000000,6.606224,2.023024,,True
53,injector_3,0.981245,0.000000,6.556741,2.144659,1.944107,True
53,injector_4,0.966011,0.000000,6.614401,2.143480,,True
54,central_extraction,0.000000,4.126529,6.715297,2.099250,2.044014,True
54,injector_1,1.161831,0.000000,6.694043,1.978926,1.897937,True
54,injector_2,1.108542,0.000000,6.615536,2.049739,,True
54,injector_3,1.001516,0.000000,6.555394,2.118943,,True
54,injector_4,0.952122,0.000000,6.606987,2.119609,1.953660,True
55,central_extraction,0.000000,4.193445,6.712286,2.017273,,True
55,injector_1,1.173692,0.000000,6.677869,2.023470,,True
55,injector_2,1.043566,0.000000,6.564514,2.052214,1.902582,True
55,injector_3,1.044808,0.000000,6.534748,2.048392,,True
55,injector_4,0.949383,0.000000,6.565250,2.085774,,True
56,central_extraction,0.000000,4.187855,6.795585,2.036517,,True
56,injector_1,1.113936,0.000000,6.683137,1.987946,,True
56,injector_2,1.131335,0.000000,6.586990,2.062606,,True
56,injector_3,1.027836,0.000000,6.552912,2.137029,1.974764,True
56,injector_4,0.957889,0.000000,6.619136,2.152903,,True
57,central_extraction,0.000000,4.038535,6.752433,2.007868,2.026072,True
57,injector_1,1.126216,0.000000,6.689923,2.027435,1.982198,True
57,injector_2,1.140743,0.000000,6.583807,1.994025,,True
57,injector_3,1.040618,0.000000,6.509341,2.161152,,True
57,injector_4,1.030951,0.000000,6.631814,2.176619,2.008156,True
58,central_extraction,0.000000,4.253901,6.758307,2.054472,,True
58,injector_1,1.142066,0.000000,6.626043,2.103047,,True
58,injector_2,1.057873,0.000000,6.583441,2.117581,1.935034,True
58,injector_3,1.012874,0.000000,6.525635,2.164891,,True
58,injector_4,1.017480,0.000000,6.607241,2.158622,,True
59,central_extraction,0.000000,4.070763,6.755531,1.987471,,True
59,injector_1,1.108132,0.000000,6.635450,2.036269,,True
59,injector_2,1.070001,0.000000,6.582449,1.999402,,True
59,injector_3,0.981872,0.000000,6.532735,2.072530,2.057887,True
59,injector_4,0.997167,0.000000,6.705459,2.154817,,True
60,central_extraction,0.000000,4.261740,6.757103,2.058553,1.954538,True
60,injector_1,1.116676,0.000000,6.663489,2.108052,1.965336,True
60,injector_2,1.057363,0.000000,6.578687,2.080310,,True
60,injector_3,1.015298,0.000000,6.542714,2.156624,,True
60,injector_4,1.033809,0.000000,6.637382,2.234669,2.032479,True
61,central_extraction,0.000000,4.142941,6.710890,2.048159,,True
61,injector_1,1.175441,0.000000,6.619716,2.147324,,True
61,injector_2,1.057897,0.000000,6.525020,2.034013,1.901955,True
61,injector_3,1.015655,0.000000,6.545178,2.153225,,True
61,injector_4,0.992204,0.000000,6.553053,2.132969,,True
62,central_extraction,0.000000,4.164029,6.747256,2.052285,,True
62,injector_1,1.097708,0.000000,6.680377,2.074025,,True
62,injector_2,1.018944,0.000000,6.510420,2.075618,,True
62,injector_3,0.908765,0.000000,6.497183,2.106480,1.958825,True
62,injector_4,0.944631,0.000000,6.627824,2.200833,,True
63,central_extraction,0.000000,4.316376,6.768618,2.092810,1.996943,True
63,injector_1,1.085364,0.000000,6.661048,2.059208,1.958947,True
63,injector_2,1.009565,0.000000,6.518353,2.084168,,True
63,injector_3,1.026227,0.000000,6.577212,2.223338,,True
63,injector_4,0.994045,0.000000,6.658904,2.275465,1.962728,True
64,central_extraction,0.000000,4.230660,6.719412,2.026402,,True
64,injector_1,1.110258,0.000000,6.607239,2.030680,,True
64,injector_2,1.070487,0.000000,6.539067,2.043485,1.970342,True
64,injector_3,1.000584,0.000000,6.545207,2.227211,,True
64,injector_4,1.038405,0.000000,6.665326,2.307481,,True
65,central_extraction,0.000000,3.896486,6.735472,2.043457,,True
65,injector_1,1.032712,0.000000,6.634879,2.058861,,True
65,injector_2,1.093518,0.000000,6.585430,2.105870,,True
65,injector_3,0.922811,0.000000,6.549732,2.187240,,True
65,injector_4,1.002124,0.000000,6.638082,2.294469,,True
66,central_extraction,0.000000,4.070104,6.665701,2.050393,1.914945,True
66,injector_1,1.059799,0.000000,6.601826,2.101881,1.990000,True
66,injector_2,1.070147,0.000000,6.548130,2.207846,,True
66,injector_3,0.938729,0.000000,6.554381,2.236425,,True
66,injector_4,1.012003,0.000000,6.636660,2.276693,2.007184,True
67,central_extraction,0.000000,4.065127,6.705316,2.063648,,True
67,injector_1,1.076963,0.000000,6.652604,2.111424,,True
67,injector_2,1.057607,0.000000,6.565756,2.102560,1.996593,True
67,injector_3,0.956623,0.000000,6.574263,2.176841,,True
67,injector_4,0.987947,0.000000,6.679470,2.228974,,True
68,central_extraction,0.000000,3.978881,6.695603,2.046971,,True
68,injector_1,1.065916,0.000000,6.644097,2.118883,,True
68,injector_2,1.067067,0.000000,6.534872,2.109242,,True
68,injector_3,0.983574,0.000000,6.532352,2.165228,2.029191,True
68,injector_4,1.050252,0.000000,6.675217,2.234483,,True
69,central_extraction,0.000000,4.084834,6.708380,2.042190,2.022086,True
69,injector_1,1.028844,0.000000,6.584552,2.084456,1.941049,True
69,injector_2,1.047520,0.000000,6.531091,2.197588,,True
69,injector_3,0.980752,0.000000,6.541099,2.175876,,True
69,injector_4,1.010035,0.000000,6.709406,2.260014,2.116556,True
70,central_extraction,0.000000,4.018626,6.693989,2.125811,,True
70,injector_1,1.070054,0.000000,6.671923,2.075708,,True
70,injector_2,0.970590,0.000000,6.569986,2.088699,1.968721,True
70,injector_3,1.080802,0.000000,6.526513,2.229277,,True
70,injector_4,1.046279,0.000000,6.695587,2.274643,,True
71,central_extraction,0.000000,4.114745,6.757029,2.093415,,True
71,injector_1,1.033565,0.000000,6.589613,2.057073,,True
71,injector_2,0.974432,0.000000,6.540229,2.172393,,True
71,injector_3,0.986659,0.000000,6.596164,2.201665,2.102546,True
71,injector_4,1.009039,0.000000,6.573695,2.300531,,True
72,central_extraction,0.000000,3.913208,6.718140,2.086141,2.065793,True
72,injector_1,1.055517,0.000000,6.607958,2.083092,2.150137,True
72,injector_2,0.991394,0.000000,6.574534,2.125224,,True
72,injector_3,1.030640,0.000000,6.595013,2.206317,,True
72,injector_4,1.013555,0.000000,6.700652,2.299943,2.081696,True
73,central_extraction,0.000000,4.124355,6.701375,2.063404,,True
73,injector_1,1.042478,0.000000,6.600951,2.117138,,True
73,injector_2,1.011878,0.000000,6.525137,2.149407,2.068846,True
73,injector_3,1.002384,0.000000,6.595570,2.297889,,True
73,injector_4,1.014258,0.000000,6.673963,2.354021,,True
74,central_extraction,0.000000,4.048796,6.715231,2.060956,,True
74,injector_1,1.023158,0.000000,6.648065,2.061702,,True
74,injector_2,0.954195,0.000000,6.514287,2.191330,,True
74,injector_3,0.934743,0.000000,6.567551,2.232134,2.159487,True
74,injector_4,0.999123,0.000000,6.669873,2.354340,,True
75,central_extraction,0.000000,4.057453,6.675640,2.106618,2.093716,True
75,injector_1,1.007274,0.000000,6.609401,2.118617,2.152936,True
75,injector_2,0.966522,0.000000,6.538586,2.260088,,True
75,injector_3,0.966533,0.000000,6.584060,2.253071,,True
75,injector_4,1.017741,0.000000,6.688152,2.282835,2.136168,True
76,central_extraction,0.000000,3.980334,6.707067,2.071960,,True
76,injector_1,1.056072,0.000000,6.571107,2.081429,,True
76,injector_2,1.014497,0.000000,6.550452,2.208720,2.063534,True
76,injector_3,1.003671,0.000000,6.557646,2.269130,,True
76,injector_4,1.025283,0.000000,6.661352,2.287574,,True
77,central_extraction,0.000000,3.911635,6.704394,2.117683,,True
77,injector_1,0.976630,0.000000,6.597461,2.057990,,True
77,injector_2,0.992083,0.000000,6.521963,2.202931,,True
77,injector_3,0.985546,0.000000,6.582316,2.311012,2.193735,True
77,injector_4,1.085214,0.000000,6.682224,2.359957,,True
78,central_extraction,0.000000,3.975880,6.668686,2.056067,2.100201,True
78,injector_1,0.971118,0.000000,6.646752,2.192107,2.022165,True
78,injector_2,1.020806,0.000000,6.527629,2.225071,,True
78,injector_3,1.040005,0.000000,6.621473,2.301023,,True
78,injector_4,0.997685,0.000000,6.684189,2.369457,2.205778,True
79,central_extraction,0.000000,3.995643,6.719976,2.048078,,True
79,injector_1,1.037400,0.000000,6.605113,2.127085,,True
79,injector_2,0.949910,0.000000,6.500956,2.215794,2.115174,True
79,injector_3,1.008392,0.000000,6.591275,2.358224,,True
79,injector_4,1.044530,0.000000,6.715710,2.381545,,True
80,central_extraction,0.000000,3.894103,6.703181,2.052426,,True
80,injector_1,1.031741,0.000000,6.575766,2.190509,,True
80,injector_2,0.956185,0.000000,6.546991,2.286773,,True
80,injector_3,1.032072,0.000000,6.571327,2.334335,2.188315,True
80,injector_4,1.060514,0.000000,6.710651,2.375129,,True
81,central_extraction,0.000000,3.946823,6.673995,2.147573,2.160691,True
81,injector_1,0.994002,0.000000,6.629709,2.150576,2.101199,True
81,injector_2,0.977319,0.000000,6.560006,2.278950,,True
81,injector_3,1.003204,0.000000,6.598270,2.351593,,True
81,injector_4,1.121637,0.000000,6.709768,2.399447,,True
82,central_extraction,0.000000,3.952594,6.671721,2.115484,,True
82,injector_1,0.994972,0.000000,6.561325,2.140213,,True
82,injector_2,0.994312,0.000000,6.549978,2.363088,2.111339,True
82,injector_3,0.981754,0.000000,6.585906,2.343958,,True
82,injector_4,1.082454,0.000000,6.703917,2.393918,,True
83,central_extraction,0.000000,4.136123,6.665434,2.084699,,True
83,injector_1,0.940797,0.000000,6.594690,2.131261,,True
83,injector_2,0.972993,0.000000,6.540135,2.190117,,True
83,injector_3,1.014319,0.000000,6.587266,2.269164,2.136932,True
83,injector_4,1.196290,0.000000,6.687786,2.439800,,True
84,central_extraction,0.000000,4.093531,6.646799,2.133675,2.117412,True
84,injector_1,1.000810,0.000000,6.612742,2.131056,,True
84,injector_2,1.008103,0.000000,6.601707,2.225689,,True
84,injector_3,1.020689,0.000000,6.633071,2.345637,,True
84,injector_4,1.017414,0.000000,6.679902,2.423267,2.172111,True
85,central_extraction,0.000000,4.032531,6.644464,2.122081,,True
85,injector_1,0.992720,0.000000,6.558664,2.151017,,True
85,injector_2,0.979831,0.000000,6.591850,2.265226,2.084223,True
85,injector_3,1.006356,0.000000,6.581610,2.369447,,True
85,injector_4,1.080978,0.000000,6.700797,2.432020,,True
86,central_extraction,0.000000,4.060174,6.647157,2.048912,,True
86,injector_1,0.977779,0.000000,6.581489,2.168383,,True
86,injector_2,1.002885,0.000000,6.519324,2.286438,,True
86,injector_3,1.021795,0.000000,6.573336,2.365409,2.163084,True
86,injector_4,1.095785,0.000000,6.676056,2.380369,,True
87,central_extraction,0.000000,4.040869,6.667065,2.172296,2.198646,True
87,injector_1,1.009980,0.000000,6.565925,2.206202,2.170563,True
87,injector_2,1.057499,0.000000,6.535542,2.212006,,True
87,injector_3,0.966991,0.000000,6.630151,2.358495,,True
87,injector_4,1.040317,0.000000,6.706778,2.392208,2.146489,True
88,central_extraction,0.000000,4.079543,6.662683,2.159330,,True
88,injector_1,0.981559,0.000000,6.556214,2.192688,,True
88,injector_2,1.006946,0.000000,6.564765,2.321269,2.166593,True
88,injector_3,1.078230,0.000000,6.615150,2.303835,,True
88,injector_4,1.075498,0.000000,6.730159,2.505622,,True
89,central_extraction,0.000000,4.147681,6.640476,2.214349,,True
89,injector_1,1.025606,0.000000,6.598285,2.291443,,True
89,injector_2,1.054832,0.000000,6.518246,2.271706,,True
89,injector_3,1.066593,0.000000,6.656640,2.409468,2.141685,True
89,injector_4,1.159738,0.000000,6.754405,2.516467,,True
90,central_extraction,0.000000,4.152559,6.628633,2.138873,2.167241,True
90,injector_1,1.028976,0.000000,6.593213,2.294480,2.015291,True
90,injector_2,1.003143,0.000000,6.530311,2.297769,,True
90,injector_3,1.011423,0.000000,6.650202,2.427784,,True
90,injector_4,1.119731,0.000000,6.692137,2.408052,2.237588,True
91,central_extraction,0.000000,4.122476,6.679760,2.147134,,True
91,injector_1,0.979389,0.000000,6.504940,2.224884,,True
91,injector_2,0.996513,0.000000,6.558792,2.310316,2.129013,True
91,injector_3,1.016771,0.000000,6.660325,2.406880,,True
91,injector_4,1.143850,0.000000,6.722915,2.450030,,True
92,central_extraction,0.000000,4.303908,6.623902,2.166608,,True
92,injector_1,0.993937,0.000000,6.558304,2.267448,,True
92,injector_2,1.040690,0.000000,6.535918,2.359952,,True
92,injector_3,1.122434,0.000000,6.648970,2.387428,2.142003,True
92,injector_4,1.147336,0.000000,6.708146,2.480509,,True
93,central_extraction,0.000000,4.191949,6.674906,2.202252,2.124872,True
93,injector_1,1.046315,0.000000,6.539738,2.272316,2.070700,True
93,injector_2,1.111367,0.000000,6.564415,2.361785,,True
93,injector_3,1.126852,0.000000,6.683151,2.432394,,True
93,injector_4,1.159028,0.000000,6.736467,2.459560,2.201288,True
94,central_extraction,0.000000,4.053970,6.614999,2.152923,,True
94,injector_1,0.999511,0.000000,6.564313,2.299893,,True
94,injector_2,1.018179,0.000000,6.600535,2.317959,2.058476,True
94,injector_3,1.066060,0.000000,6.580039,2.343091,,True
94,injector_4,1.125702,0.000000,6.742874,2.427734,,True
95,central_extraction,0.000000,4.285441,6.650691,2.080992,,True
95,injector_1,1.122293,0.000000,6.569723,2.294683,,True
95,injector_2,1.108670,0.000000,6.562828,2.388613,,True
95,injector_3,1.057226,0.000000,6.662963,2.431155,2.161136,True
95,injector_4,1.122693,0.000000,6.707547,2.419519,,True
96,central_extraction,0.000000,4.443648,6.633354,2.214330,2.117100,True
96,injector_1,1.191352,0.000000,6.516502,2.296080,2.100365,True
96,injector_2,1.071655,0.000000,6.528685,2.410334,,True
96,injector_3,1.147443,0.000000,6.631819,2.485968,,True
96,injector_4,1.088270,0.000000,6.752510,2.464652,2.208709,True
97,central_extraction,0.000000,4.146329,6.624345,2.273563,,True
97,injector_1,1.172121,0.000000,6.559433,2.302323,,True
97,injector_2,1.015745,0.000000,6.556357,2.392948,2.081122,True
97,injector_3,1.064740,0.000000,6.633987,2.453883,,True
97,injector_4,1.207091,0.000000,6.720405,2.473141,,True
98,central_extraction,0.000000,4.306780,6.629500,2.236413,,True
98,injector_1,1.208239,0.000000,6.561696,2.280932,,True
98,injector_2,1.049084,0.000000,6.587894,2.421387,,True
98,injector_3,1.098358,0.000000,6.697172,2.432005,2.173695,True
98,injector_4,1.240835,0.000000,6.724364,2.460151,,True
99,central_extraction,0.000000,4.384889,6.644656,2.231883,2.166557,True
99,injector_1,1.128623,0.000000,6.568810,2.332397,2.086109,True
99,injector_2,1.004208,0.000000,6.523368,2.370506,,True
99,injector_3,1.184970,0.000000,6.631577,2.497637,,True
99,injector_4,1.194651,0.000000,6.777516,2.427106,2.212684,True
100,central_extraction,0.000000,4.345253,6.618400,2.223510,,True
100,injector_1,1.180432,0.000000,6.547467,2.325035,,True
100,injector_2,1.104262,0.000000,6.620278,2.433409,,True
100,injector_3,1.178057,0.000000,6.708812,2.474942,,True
100,injector_4,1.153257,0.000000,6.736006,2.474595,,True
101,central_extraction,0.000000,4.552597,6.604667,2.289201,,True
101,injector_1,1.152415,0.000000,6.547663,2.295535,,True
101,injector_2,1.056532,0.000000,6.584884,2.472759,,True
101,injector_3,1.117712,0.000000,6.673423,2.419838,2.121763,True
101,injector_4,1.152183,0.000000,6.744660,2.458164,,True
102,central_extraction,0.000000,4.560847,6.598904,2.224149,,True
102,injector_1,1.120454,0.000000,6.547785,2.436565,2.041041,True
102,injector_2,1.080207,0.000000,6.614812,2.424356,,True
102,injector_3,1.143219,0.000000,6.658933,2.380368,,True
102,injector_4,1.228380,0.000000,6.699199,2.444941,2.194696,True
103,central_extraction,0.000000,4.544046,6.578870,2.328692,,True
103,injector_1,1.156211,0.000000,6.531541,2.351485,,True
103,injector_2,1.139051,0.000000,6.609340,2.417218,2.006639,True
103,injector_3,1.145849,0.000000,6.688740,2.462317,,True
103,injector_4,1.226885,0.000000,6.735433,2.477493,,True
104,central_extraction,0.000000,4.353543,6.611732,2.302606,,True
104,injector_1,1.160073,0.000000,6.527700,2.317414,,True
104,injector_2,1.208482,0.000000,6.586887,2.451625,,True
104,injector_3,1.141530,0.000000,6.696583,2.464062,2.113526,True
104,injector_4,1.183450,0.000000,6.739900,2.442131,,True
105,central_extraction,0.000000,4.473651,6.587380,2.274672,2.073604,True
105,injector_1,1.199074,0.000000,6.541225,2.385321,2.050318,True
105,injector_2,1.235556,0.000000,6.564363,2.415830,,True
105,injector_3,1.133433,0.000000,6.698643,2.451948,,True
105,injector_4,1.204891,0.000000,6.723532,2.475478,2.099083,True
106,central_extraction,0.000000,4.624229,6.624329,2.349705,,True
106,injector_1,1.175090,0.000000,6.541897,2.355825,,True
106,injector_2,1.320078,0.000000,6.557535,2.463421,2.119339,True
106,injector_3,1.215596,0.000000,6.653859,2.464315,,True
106,injector_4,1.197168,0.000000,6.769003,2.422470,,True
107,central_extraction,0.000000,4.602951,6.599857,2.302178,,True
107,injector_1,1.247484,0.000000,6.575418,2.433157,,True
107,injector_2,1.266517,0.000000,6.595408,2.470820,,True
107,injector_3,1.187077,0.000000,6.724386,2.441437,2.137961,True
107,injector_4,1.209750,0.000000,6.785445,2.405800,,True
108,central_extraction,0.000000,4.732652,6.551886,2.382145,2.078984,True
108,injector_1,1.231588,0.000000,6.545328,2.420281,2.046703,True
108,injector_2,1.198503,0.000000,6.620931,2.442991,,True
108,injector_3,1.148610,0.000000,6.702651,2.366068,,True
108,injector_4,1.230340,0.000000,6.751234,2.438239,2.105986,True
109,central_extraction,0.000000,4.933037,6.624268,2.390877,,True
109,injector_1,1.252552,0.000000,6.513651,2.411261,,True
109,injector_2,1.247613,0.000000,6.606998,2.394451,2.057750,True
109,injector_3,1.224875,0.000000,6.703618,2.477749,,True
109,injector_4,1.201617,0.000000,6.710026,2.470271,,True
110,central_extraction,0.000000,4.821323,6.610420,2.356613,,True
110,injector_1,1.237335,0.000000,6.521861,2.377701,,True
110,injector_2,1.302193,0.000000,6.590457,2.438845,,True
110,injector_3,1.231502,0.000000,6.711233,2.389635,2.138763,True
110,injector_4,1.258480,0.000000,6.740480,2.405664,,True
111,central_extraction,0.000000,4.635776,6.596765,2.337985,2.110023,True
111,injector_1,1.230051,0.000000,6.573029,2.348730,1.964656,True
111,injector_2,1.269026,0.000000,6.619067,2.480732,,True
111,injector_3,1.234756,0.000000,6.658705,2.454501,,True
111,injector_4,1.297850,0.000000,6.707961,2.389199,2.082486,True
112,central_extraction,0.000000,4.818699,6.545830,2.417161,,True
112,injector_1,1.263609,0.000000,6.589882,2.402934,,True
112,injector_2,1.283996,0.000000,6.605361,2.380398,1.941093,True
112,injector_3,1.225475,0.000000,6.722701,2.378600,,True
112,injector_4,1.251105,0.000000,6.756517,2.388459,,True
113,central_extraction,0.000000,4.871878,6.564411,2.297662,,True
113,injector_1,1.249946,0.000000,6.548986,2.457002,,True
113,injector_2,1.340641,0.000000,6.611641,2.478894,,True
113,injector_3,1.327952,0.000000,6.734687,2.504682,1.963820,True
113,injector_4,1.240781,0.000000,6.751662,2.427714,,True
114,central_extraction,0.000000,4.879148,6.578813,2.340804,2.032630,True
114,injector_1,1.311476,0.000000,6.600507,2.417531,1.928621,True
114,injector_2,1.327291,0.000000,6.646009,2.473681,,True
114,injector_3,1.284513,0.000000,6.699983,2.398623,,True
114,injector_4,1.253109,0.000000,6.750271,2.391910,1.930230,True
115,central_extraction,0.000000,4.943858,6.576500,2.338882,,True
115,injector_1,1.160717,0.000000,6.569623,2.414420,,True
115,injector_2,1.240391,0.000000,6.626477,2.436023,1.958909,True
115,injector_3,1.414733,0.000000,6.691444,2.411457,,True
115,injector_4,1.262702,0.000000,6.734651,2.428003,,True
116,central_extraction,0.000000,5.114297,6.596479,2.337049,,True
116,injector_1,1.246155,0.000000,6.578912,2.380753,,True
116,injector_2,1.337899,0.000000,6.610682,2.472174,,True
116,injector_3,1.336572,0.000000,6.679153,2.445061,,True
116,injector_4,1.278596,0.000000,6.764865,2.433144,,True
117,central_extraction,0.000000,5.014878,6.565585,2.483639,1.976614,True
117,injector_1,1.351092,0.000000,6.576493,2.436062,1.918879,True
117,injector_2,1.331072,0.000000,6.623631,2.407962,,True
117,injector_3,1.400921,0.000000,6.723466,2.398999,,True
117,injector_4,1.379928,0.000000,6.735119,2.321285,2.019344,True
118,central_extraction,0.000000,4.894889,6.588368,2.397875,,True
118,injector_1,1.383178,0.000000,6.546061,2.410881,,True
118,injector_2,1.392599,0.000000,6.627888,2.333581,2.012121,True
118,injector_3,1.373725,0.000000,6.719758,2.390614,,True
118,injector_4,1.281825,0.000000,6.761324,2.385907,,True
119,central_extraction,0.000000,5.140160,6.530604,2.375975,,True
119,injector_1,1.319357,0.000000,6.547234,2.472966,,True
119,injector_2,1.296591,0.000000,6.598770,2.561509,,True
119,injector_3,1.408497,0.000000,6.756793,2.423836,1.845837,True
119,injector_4,1.337474,0.000000,6.744046,2.362550,,True
120,central_extraction,0.000000,5.472182,6.567133,2.434606,1.920527,True
120,injector_1,1.368003,0.000000,6.520254,2.374728,1.889686,True
120,injector_2,1.367425,0.000000,6.630092,2.434207,,True
120,injector_3,1.369230,0.000000,6.728989,2.415081,,True
120,injector_4,1.288492,0.000000,6.750626,2.343428,1.894208,True
121,central_extraction,0.000000,5.267938,6.512719,2.342895,,True
121,injector_1,1.353700,0.000000,6.554126,2.450069,,True
121,injector_2,1.366402,0.000000,6.660374,2.470652,1.894199,True
121,injector_3,1.389616,0.000000,6.704647,2.378838,,True
121,injector_4,1.295941,0.000000,6.735850,2.333025,,True
122,central_extraction,0.000000,5.299719,6.544403,2.442800,,True
122,injector_1,1.394199,0.000000,6.537898,2.496946,,True
122,injector_2,1.429898,0.000000,6.647791,2.390127,,True
122,injector_3,1.391347,0.000000,6.710317,2.318239,1.875591,True
122,injector_4,1.354522,0.000000,6.723845,2.311415,,True
123,central_extraction,0.000000,5.260687,6.575781,2.440364,1.926543,True
123,injector_1,1.377875,0.000000,6.593014,2.515452,1.889887,True
123,injector_2,1.357611,0.000000,6.688307,2.418322,,True
123,injector_3,1.424005,0.000000,6.701237,2.412650,,True
123,injector_4,1.461929,0.000000,6.705910,2.341410,1.880995,True
124,central_extraction,0.000000,5.208107,6.578768,2.392409,,True
124,injector_1,1.363073,0.000000,6.567795,2.465444,,True
124,injector_2,1.334241,0.000000,6.672906,2.451189,1.947581,True
124,injector_3,1.343991,0.000000,6.752488,2.401064,,True
124,injector_4,1.473815,0.000000,6.758411,2.339953,,True
125,central_extraction,0.000000,5.344799,6.547235,2.418185,,True
125,injector_1,1.349789,0.000000,6.517164,2.419634,,True
125,injector_2,1.389929,0.000000,6.666799,2.446542,,True
125,injector_3,1.395873,0.000000,6.751753,2.328963,1.921022,True
125,injector_4,1.463128,0.000000,6.719223,2.363583,,True
126,central_extraction,0.000000,5.427463,6.540822,2.445995,1.873001,True
126,injector_1,1.294963,0.000000,6.539247,2.457278,1.954541,True
126,injector_2,1.380965,0.000000,6.657438,2.396672,,True
126,injector_3,1.409007,0.000000,6.703267,2.386461,,True
126,injector_4,1.437135,0.000000,6.759232,2.280897,1.772147,True
127,central_extraction,0.000000,5.343149,6.544561,2.480119,,True
127,injector_1,1.378373,0.000000,6.559389,2.409054,,True
127,injector_2,1.385103,0.000000,6.659878,2.482608,1.870216,True
127,injector_3,1.345634,0.000000,6.752951,2.341569,,True
127,injector_4,1.405940,0.000000,6.755690,2.345918,,True
128,central_extraction,0.000000,5.359090,6.574171,2.505870,,True
128,injector_1,1.386403,0.000000,6.546771,2.418666,,True
128,injector_2,1.366568,0.000000,6.667310,2.470776,,True
128,injector_3,1.481965,0.000000,6.728162,2.388900,1.890057,True
128,injector_4,1.439211,0.000000,6.793878,2.299985,,True
129,central_extraction,0.000000,5.392458,6.549760,2.489923,1.847018,True
129,injector_1,1.383583,0.000000,6.545576,2.445039,1.889558,True
129,injector_2,1.439912,0.000000,6.677899,2.353862,,True
129,injector_3,1.417350,0.000000,6.742585,2.363246,,True
129,injector_4,1.493879,0.000000,6.745730,2.279652,1.873225,True
130,central_extraction,0.000000,5.357920,6.522061,2.466828,,True
130,injector_1,1.411419,0.000000,6.589916,2.429599,,True
130,injector_2,1.434184,0.000000,6.668074,2.403414,2.002738,True
130,injector_3,1.406575,0.000000,6.690527,2.264770,,True
130,injector_4,1.434854,0.000000,6.721818,2.246297,,True
131,central_extraction,0.000000,5.555639,6.553014,2.499230,,True
131,injector_1,1.365136,0.000000,6.560547,2.488469,,True
131,injector_2,1.406692,0.000000,6.643110,2.438713,,True
131,injector_3,1.343517,0.000000,6.776028,2.348812,1.906379,True
131,injector_4,1.482108,0.000000,6.761161,2.195581,,True
132,central_extraction,0.000000,5.541764,6.552626,2.419839,1.835387,True
132,injector_1,1.416007,0.000000,6.602260,2.500244,1.943021,True
132,injector_2,1.403507,0.000000,6.694609,2.366733,,True
132,injector_3,1.407714,0.000000,6.753948,2.285499,,True
132,injector_4,1.434276,0.000000,6.746501,2.250558,,True
133,central_extraction,0.000000,5.465874,6.554602,2.385638,,True
133,injector_1,1.437449,0.000000,6.659964,2.414985,,True
133,injector_2,1.346175,0.000000,6.679204,2.388628,1.954559,True
133,injector_3,1.400275,0.000000,6.726490,2.305039,,True
133,injector_4,1.414810,0.000000,6.718159,2.256393,,True
134,central_extraction,0.000000,5.388038,6.528081,2.432503,,True
134,injector_1,1.377607,0.000000,6.672456,2.455937,,True
134,injector_2,1.429062,0.000000,6.641578,2.334174,,True
134,injector_3,1.450126,0.000000,6.772369,2.300147,1.835143,True
134,injector_4,1.426840,0.000000,6.740087,2.264294,,True
135,central_extraction,0.000000,5.556254,6.563995,2.428504,1.795547,True
135,injector_1,1.449225,0.000000,6.579885,2.430739,,True
135,injector_2,1.423489,0.000000,6.679196,2.338603,,True
135,injector_3,1.434775,0.000000,6.756641,2.301960,,True
135,injector_4,1.399661,0.000000,6.707838,2.237697,1.800901,True
136,central_extraction,0.000000,5.498874,6.520071,2.445117,,True
136,injector_1,1.389918,0.000000,6.564727,2.425993,,True
136,injector_2,1.438050,0.000000,6.688301,2.361172,1.865128,True
136,injector_3,1.465241,0.000000,6.745328,2.335060,,True
136,injector_4,1.476984,0.000000,6.721880,2.206325,,True
137,central_extraction,0.000000,5.625463,6.571651,2.436081,,True
137,injector_1,1.391881,0.000000,6.662950,2.417979,,True
137,injector_2,1.457699,0.000000,6.685904,2.441655,,True
137,injector_3,1.376562,0.000000,6.751583,2.330568,1.767951,True
137,injector_4,1.450719,0.000000,6.721565,2.218023,,True
138,central_extraction,0.000000,5.446768,6.570242,2.543854,1.676561,True
138,injector_1,1.443435,0.000000,6.601574,2.478948,1.721468,True
138,injector_2,1.377339,0.000000,6.706265,2.345502,,True
138,injector_3,1.360290,0.000000,6.780020,2.178768,,True
138,injector_4,1.394687,0.000000,6.713254,2.179532,1.692494,True
139,central_extraction,0.000000,5.596053,6.529964,2.365990,,True
139,injector_1,1.439131,0.000000,6.599487,2.361746,,True
139,injector_2,1.403938,0.000000,6.691666,2.336445,1.752089,True
139,injector_3,1.426315,0.000000,6.788351,2.197544,,True
139,injector_4,1.446190,0.000000,6.705276,2.190810,,True
140,central_extraction,0.000000,5.572235,6.557397,2.341155,,True
140,injector_1,1.448691,0.000000,6.558330,2.363350,,True
140,injector_2,1.420541,0.000000,6.720221,2.347995,,True
140,injector_3,1.378485,0.000000,6.740697,2.232441,1.722727,True
140,injector_4,1.412778,0.000000,6.720389,2.164683,,True
141,central_extraction,0.000000,5.407500,6.536617,2.482297,1.617409,True
141,injector_1,1.406337,0.000000,6.609719,2.362144,1.701550,True
141,injector_2,1.388169,0.000000,6.705821,2.245647,,True
141,injector_3,1.386336,0.000000,6.726373,2.260162,,True
141,injector_4,1.387484,0.000000,6.717647,2.153025,1.709371,True
142,central_extraction,0.000000,5.504124,6.561100,2.456294,,True
142,injector_1,1.420572,0.000000,6.625728,2.352312,,True
142,injector_2,1.428834,0.000000,6.743177,2.302684,1.661774,True
142,injector_3,1.400950,0.000000,6.777497,2.200859,,True
142,injector_4,1.368075,0.000000,6.641440,2.111462,,True
143,central_extraction,0.000000,5.459505,6.547231,2.447260,,True
143,injector_1,1.469841,0.000000,6.596592,2.401654,,True
143,injector_2,1.370025,0.000000,6.721089,2.284648,,True
143,injector_3,1.428474,0.000000,6.749501,2.310756,1.635654,True
143,injector_4,1.409465,0.000000,6.693140,2.162852,,True
144,central_extraction,0.000000,5.391942,6.591395,2.398042,1.536818,True
144,injector_1,1.454577,0.000000,6.607571,2.292081,1.531417,True
144,injector_2,1.410615,0.000000,6.698861,2.297484,,True
144,injector_3,1.394370,0.000000,6.770071,2.225579,,True
144,injector_4,1.483621,0.000000,6.658119,2.158011,1.517243,True
145,central_extraction,0.000000,5.322556,6.509780,2.378931,,True
145,injector_1,1.377065,0.000000,6.630860,2.281421,,True
145,injector_2,1.399032,0.000000,6.696575,2.235276,1.637410,True
145,injector_3,1.364283,0.000000,6.712790,2.210220,,True
145,injector_4,1.381686,0.000000,6.701658,2.148486,,True
146,central_extraction,0.000000,5.626672,6.575127,2.372362,,True
146,injector_1,1.449336,0.000000,6.605581,2.350928,,True
146,injector_2,1.444650,0.000000,6.696141,2.277309,,True
146,injector_3,1.450927,0.000000,6.727856,2.134489,1.640005,True
146,injector_4,1.427682,0.000000,6.676630,2.067135,,True
147,central_extraction,0.000000,5.520175,6.537572,2.420833,1.559380,True
147,injector_1,1.440042,0.000000,6.598110,2.306527,1.623433,True
147,injector_2,1.415842,0.000000,6.717296,2.320658,,True
147,injector_3,1.371643,0.000000,6.780171,2.208166,,True
147,injector_4,1.432755,0.000000,6.712264,2.121590,1.530714,True
148,central_extraction,0.000000,5.359125,6.573648,2.347504,,True
148,injector_1,1.380950,0.000000,6.592653,2.347065,,True
148,injector_2,1.410714,0.000000,6.700379,2.248326,1.602243,True
148,injector_3,1.390327,0.000000,6.708493,2.184632,,True
148,injector_4,1.384653,0.000000,6.699529,2.094872,,True
149,central_extraction,0.000000,5.703560,6.549753,2.386620,,True
149,injector_1,1.433392,0.000000,6.635013,2.290770,,True
149,injector_2,1.384744,0.000000,6.672105,2.245248,,True
149,injector_3,1.392600,0.000000,6.735758,2.179841,1.556537,True
149,injector_4,1.444525,0.000000,6.677583,2.108391,,True
150,central_extraction,0.000000,5.442819,6.531423,2.377753,1.622950,True
150,injector_1,1.415096,0.000000,6.688023,2.317150,1.627586,True
150,injector_2,1.441078,0.000000,6.714319,2.235389,,True
150,injector_3,1.438727,0.000000,6.795605,2.127560,,True
150,injector_4,1.348439,0.000000,6.660885,2.125505,1.457307,True
151,central_extraction,0.000000,5.400812,6.558545,2.406395,,True
151,injector_1,1.397743,0.000000,6.592854,2.284364,,True
151,injector_2,1.360523,0.000000,6.721094,2.220694,,True
151,injector_3,1.385032,0.000000,6.757030,2.140465,,True
151,injector_4,1.361175,0.000000,6.664375,2.086806,,True
152,central_extraction,0.000000,5.540330,6.575528,2.408582,,True
152,injector_1,1.392669,0.000000,6.625300,2.247937,,True
152,injector_2,1.421003,0.000000,6.733793,2.202927,,True
152,injector_3,1.389238,0.000000,6.738891,2.218649,1.599308,True
152,injector_4,1.357713,0.000000,6.718947,2.076690,,True
153,central_extraction,0.000000,5.484244,6.536471,2.320759,,True
153,injector_1,1.386782,0.000000,6.665528,2.287141,1.500752,True
153,injector_2,1.404030,0.000000,6.758167,2.172630,,True
153,injector_3,1.370565,0.000000,6.707908,2.170747,,True
153,injector_4,1.390866,0.000000,6.673995,2.096960,1.403130,True
154,central_extraction,0.000000,5.352245,6.572895,2.303970,,True
154,injector_1,1.382719,0.000000,6.636288,2.341193,,True
154,injector_2,1.436845,0.000000,6.735766,2.211689,1.533187,True
154,injector_3,1.370699,0.000000,6.752279,2.116819,,True
154,injector_4,1.383404,0.000000,6.621268,2.048292,,True
155,central_extraction,0.000000,5.436214,6.615410,2.383962,,True
155,injector_1,1.403093,0.000000,6.635508,2.284102,,True
155,injector_2,1.441237,0.000000,6.727252,2.191221,,True
155,injector_3,1.423874,0.000000,6.747359,2.099266,1.576795,True
155,injector_4,1.350436,0.000000,6.638043,2.114850,,True
156,central_extraction,0.000000,5.480777,6.561732,2.316051,1.467020,True
156,injector_1,1.393622,0.000000,6.689048,2.303233,1.511525,True
156,injector_2,1.365818,0.000000,6.699287,2.213171,,True
156,injector_3,1.431467,0.000000,6.702816,2.022556,,True
156,injector_4,1.335497,0.000000,6.644915,2.074614,1.464182,True
157,central_extraction,0.000000,5.450133,6.582934,2.332991,,True
157,injector_1,1.367285,0.000000,6.686200,2.215881,,True
157,injector_2,1.347918,0.000000,6.694537,2.141309,1.534728,True
157,injector_3,1.360488,0.000000,6.747658,2.121266,,True
157,injector_4,1.335360,0.000000,6.639155,2.085278,,True
158,central_extraction,0.000000,5.496617,6.520174,2.302284,,True
158,injector_1,1.368876,0.000000,6.673961,2.275515,,True
158,injector_2,1.390779,0.000000,6.760325,2.113847,,True
158,injector_3,1.317736,0.000000,6.784491,2.078878,1.424338,True
158,injector_4,1.315751,0.000000,6.686358,2.050764,,True
159,central_extraction,0.000000,5.331671,6.591513,2.296430,1.476315,True
159,injector_1,1.254883,0.000000,6.713379,2.221894,1.552408,True
159,injector_2,1.331422,0.000000,6.734412,2.166491,,True
159,injector_3,1.370150,0.000000,6.693240,2.060235,,True
159,injector_4,1.310370,0.000000,6.666832,2.043306,1.360069,True
160,central_extraction,0.000000,5.277878,6.593378,2.305513,,True
160,injector_1,1.395950,0.000000,6.691729,2.248087,,True
160,injector_2,1.395726,0.000000,6.779640,2.195762,1.416850,True
160,injector_3,1.369452,0.000000,6.732949,2.014546,,True
160,injector_4,1.317564,0.000000,6.632669,2.097124,,True
161,central_extraction,0.000000,5.281571,6.521561,2.241038,,True
161,injector_1,1.355079,0.000000,6.700853,2.223796,,True
161,injector_2,1.379195,0.000000,6.708576,2.117840,,True
161,injector_3,1.378545,0.000000,6.733020,2.027063,1.392407,True
161,injector_4,1.336799,0.000000,6.653743,2.084538,,True
162,central_extraction,0.000000,5.144569,6.587658,2.218809,1.424427,True
162,injector_1,1.314390,0.000000,6.665323,2.175539,1.492701,True
162,injector_2,1.376010,0.000000,6.719513,2.110513,,True
162,injector_3,1.403933,0.000000,6.713112,2.080243,,True
162,injector_4,1.269543,0.000000,6.626034,2.099156,1.441825,True
163,central_extraction,0.000000,5.312524,6.592837,2.257383,,True
163,injector_1,1.354216,0.000000,6.658293,2.225285,,True
163,injector_2,1.313150,0.000000,6.750382,2.026886,1.499702,True
163,injector_3,1.293971,0.000000,6.690005,2.028250,,True
163,injector_4,1.295834,0.000000,6.588254,2.071007,,True
164,central_extraction,0.000000,5.270309,6.598436,2.293205,,True
164,injector_1,1.263664,0.000000,6.669749,2.210818,,True
164,injector_2,1.308520,0.000000,6.772244,2.120510,,True
164,injector_3,1.334498,0.000000,6.693399,2.101521,1.429352,True
164,injector_4,1.303844,0.000000,6.628748,2.006173,,True
165,central_extraction,0.000000,5.210808,6.550479,2.320398,1.430432,True
165,injector_1,1.289936,0.000000,6.693863,2.154542,1.430194,True
165,injector_2,1.315751,0.000000,6.742792,2.086570,,True
165,injector_3,1.319976,0.000000,6.748088,2.004449,,True
165,injector_4,1.243080,0.000000,6.611172,2.018426,1.421806,True
166,central_extraction,0.000000,5.136296,6.625228,2.276363,,True
166,injector_1,1.295297,0.000000,6.721413,2.069649,,True
166,injector_2,1.353370,0.000000,6.737759,2.062361,1.478137,True
166,injector_3,1.340629,0.000000,6.719905,2.020533,,True
166,injector_4,1.266161,0.000000,6.618512,2.062143,,True
167,central_extraction,0.000000,5.164143,6.620083,2.226689,,True
167,injector_1,1.308368,0.000000,6.735339,2.178162,,True
167,injector_2,1.308545,0.000000,6.735494,2.160637,,True
167,injector_3,1.300786,0.000000,6.704955,2.141920,,True
167,injector_4,1.301731,0.000000,6.572847,2.045966,,True
168,central_extraction,0.000000,5.143844,6.615032,2.238927,1.476125,True
168,injector_1,1.315811,0.000000,6.694147,2.150430,1.463960,True
168,injector_2,1.334219,0.000000,6.797624,2.058830,,True
168,injector_3,1.251886,0.000000,6.716713,2.086735,,True
168,injector_4,1.321020,0.000000,6.641355,2.017290,1.405499,True
169,central_extraction,0.000000,5.165251,6.546957,2.218030,,True
169,injector_1,1.291636,0.000000,6.739454,2.094336,,True
169,injector_2,1.280804,0.000000,6.740230,2.172266,1.368384,True
169,injector_3,1.250117,0.000000,6.695132,2.060444,,True
169,injector_4,1.253482,0.000000,6.602521,2.070281,,True
170,central_extraction,0.000000,5.176202,6.605884,2.252103,,True
170,injector_1,1.234015,0.000000,6.692792,2.145153,,True
170,injector_2,1.318647,0.000000,6.730210,2.027703,,True
170,injector_3,1.270272,0.000000,6.711288,2.033541,1.371167,True
170,injector_4,1.245586,0.000000,6.622665,2.118285,,True
171,central_extraction,0.000000,5.099473,6.598865,2.228337,1.479160,True
171,injector_1,1.227633,0.000000,6.759569,2.109626,1.511783,True
171,injector_2,1.274408,0.000000,6.771331,2.035819,,True
171,injector_3,1.293959,0.000000,6.704821,2.052741,,True
171,injector_4,1.202419,0.000000,6.605872,2.037934,1.338110,True
172,central_extraction,0.000000,4.985797,6.645265,2.197965,,True
172,injector_1,1.242615,0.000000,6.752674,2.179054,,True
172,injector_2,1.310975,0.000000,6.765242,2.042485,1.391592,True
172,injector_3,1.313679,0.000000,6.703293,1.959187,,True
172,injector_4,1.213315,0.000000,6.612528,2.035536,,True
173,central_extraction,0.000000,4.876952,6.633960,2.157769,,True
173,injector_1,1.266544,0.000000,6.675090,2.150193,,True
173,injector_2,1.277317,0.000000,6.775708,2.067072,,True
173,injector_3,1.225550,0.000000,6.692913,2.031371,1.321848,True
173,injector_4,1.269656,0.000000,6.619190,2.073904,,True
174,central_extraction,0.000000,4.877247,6.620516,2.138185,1.306996,True
174,injector_1,1.284866,0.000000,6.729410,2.099736,1.416318,True
174,injector_2,1.219799,0.000000,6.756795,2.041862,,True
174,injector_3,1.249435,0.000000,6.658036,2.076714,,True
174,injector_4,1.226861,0.000000,6.566964,2.071655,1.383485,True
175,central_extraction,0.000000,4.961388,6.623006,2.133376,,True
175,injector_1,1.152130,0.000000,6.727099,2.125350,,True
175,injector_2,1.277178,0.000000,6.758436,2.039335,1.429804,True
175,injector_3,1.232166,0.000000,6.651412,2.078538,,True
175,injector_4,1.224647,0.000000,6.597072,2.043156,,True
176,central_extraction,0.000000,4.919342,6.621799,2.017301,,True
176,injector_1,1.205258,0.000000,6.689839,2.055986,,True
176,injector_2,1.201039,0.000000,6.762342,2.051374,,True
176,injector_3,1.278921,0.000000,6.675097,2.065581,1.322546,True
176,injector_4,1.197566,0.000000,6.582104,2.089483,,True
177,central_extraction,0.000000,4.846975,6.628305,2.169657,1.388137,True
177,injector_1,1.189388,0.000000,6.652438,2.071204,1.428092,True
177,injector_2,1.224398,0.000000,6.714243,2.039765,,True
177,injector_3,1.201728,0.000000,6.660087,2.102654,,True
177,injector_4,1.137262,0.000000,6.570339,2.079143,1.326359,True
178,central_extraction,0.000000,4.790740,6.642554,2.143235,,True
178,injector_1,1.189030,0.000000,6.751430,2.041855,,True
178,injector_2,1.232407,0.000000,6.752749,2.055893,1.305974,True
178,injector_3,1.225045,0.000000,6.712738,2.000660,,True
178,injector_4,1.242411,0.000000,6.595725,2.065441,,True
179,central_extraction,0.000000,4.789600,6.627062,2.219340,,True
179,injector_1,1.175762,0.000000,6.720369,2.029549,,True
179,injector_2,1.281951,0.000000,6.739344,2.038406,,True
179,injector_3,1.205320,0.000000,6.659484,2.041287,1.364169,True
179,injector_4,1.191020,0.000000,6.626787,2.099716,,True
180,central_extraction,0.000000,4.683784,6.669562,2.091484,1.406210,True
180,injector_1,1.091713,0.000000,6.752978,2.000983,1.433518,True
180,injector_2,1.203225,0.000000,6.752530,1.983280,,True
180,injector_3,1.221532,0.000000,6.674270,2.059686,,True
180,injector_4,1.156530,0.000000,6.593589,2.089109,1.337256,True
181,central_extraction,0.000000,4.741153,6.619917,2.073215,,True
181,injector_1,1.245759,0.000000,6.717678,2.016226,,True
181,injector_2,1.188331,0.000000,6.728713,2.113835,1.309734,True
181,injector_3,1.220729,0.000000,6.664197,2.082859,,True
181,injector_4,1.196467,0.000000,6.626338,2.140844,,True
182,central_extraction,0.000000,4.865094,6.603598,2.133750,,True
182,injector_1,1.231391,0.000000,6.739545,2.131274,,True
182,injector_2,1.245354,0.000000,6.733881,2.056719,,True
182,injector_3,1.197344,0.000000,6.656936,2.129625,1.255465,True
182,injector_4,1.164713,0.000000,6.575193,2.082600,,True
183,central_extraction,0.000000,4.648111,6.601909,2.068921,1.333846,True
183,injector_1,1.117423,0.000000,6.763452,2.128895,1.394462,True
183,injector_2,1.181026,0.000000,6.712116,2.031607,,True
183,injector_3,1.112908,0.000000,6.643947,2.157894,,True
183,injector_4,1.099795,0.000000,6.567249,2.171802,,True
184,central_extraction,0.000000,4.693597,6.639604,2.108010,,True
184,injector_1,1.145232,0.000000,6.708801,2.053858,,True
184,injector_2,1.232192,0.000000,6.753243,2.035132,1.311820,True
184,injector_3,1.194094,0.000000,6.681799,2.091295,,True
184,injector_4,1.212344,0.000000,6.575630,2.180184,,True
185,central_extraction,0.000000,4.770842,6.699605,2.110185,,True
185,injector_1,1.120583,0.000000,6.701493,2.097098,,True
185,injector_2,1.177769,0.000000,6.722665,1.992130,,True
185,injector_3,1.176665,0.000000,6.640506,2.065282,1.316773,True
185,injector_4,1.168547,0.000000,6.597322,2.144536,,True
186,central_extraction,0.000000,4.347964,6.640543,2.106846,1.394386,True
186,injector_1,1.150513,0.000000,6.716046,1.989116,,True
186,injector_2,1.171019,0.000000,6.754409,2.031036,,True
186,injector_3,1.170695,0.000000,6.646513,2.133093,,True
186,injector_4,1.220902,0.000000,6.604257,2.141645,1.406998,True
187,central_extraction,0.000000,4.774892,6.653511,2.104004,,True
187,injector_1,1.130515,0.000000,6.717038,2.005420,,True
187,injector_2,1.141221,0.000000,6.720662,2.052665,1.370357,True
187,injector_3,1.107361,0.000000,6.652629,2.082647,,True
187,injector_4,1.176266,0.000000,6.556454,2.157647,,True
188,central_extraction,0.000000,4.633756,6.643732,2.020148,,True
188,injector_1,1.109197,0.000000,6.765296,2.060324,,True
188,injector_2,1.187150,0.000000,6.793736,2.067888,,True
188,injector_3,1.144585,0.000000,6.576437,2.096215,1.345227,True
188,injector_4,1.200604,0.000000,6.563525,2.189054,,True
189,central_extraction,0.000000,4.681060,6.641339,2.101073,1.370194,True
189,injector_1,1.088370,0.000000,6.743838,2.028789,1.383347,True
189,injector_2,1.214077,0.000000,6.691777,2.028331,,True
189,injector_3,1.162867,0.000000,6.637452,2.146170,,True
189,injector_4,1.248086,0.000000,6.576395,2.172915,1.343841,True
190,central_extraction,0.000000,4.432421,6.669346,2.067789,,True
190,injector_1,1.107953,0.000000,6.752324,2.062171,,True
190,injector_2,1.153631,0.000000,6.675874,2.011498,1.311446,True
190,injector_3,1.195684,0.000000,6.644091,2.124932,,True
190,injector_4,1.141626,0.000000,6.550633,2.128368,,True
191,central_extraction,0.000000,4.511086,6.679993,2.009902,,True
191,injector_1,1.160749,0.000000,6.758769,2.041203,,True
191,injector_2,1.119635,0.000000,6.693815,2.039375,,True
191,injector_3,1.174884,0.000000,6.648955,2.118321,1.322399,True
191,injector_4,1.075828,0.000000,6.545041,2.158771,,True
192,central_extraction,0.000000,4.615165,6.653752,2.081425,1.290477,True
192,injector_1,1.149833,0.000000,6.743335,2.028686,1.291326,True
192,injector_2,1.173067,0.000000,6.773568,2.052383,,True
192,injector_3,1.181550,0.000000,6.625687,2.152788,,True
192,injector_4,1.160961,0.000000,6.543550,2.197293,1.284290,True
193,central_extraction,0.000000,4.748737,6.683447,2.025393,,True
193,injector_1,1.121877,0.000000,6.743199,2.061687,,True
193,injector_2,1.111903,0.000000,6.699336,2.143724,1.321661,True
193,injector_3,1.170730,0.000000,6.606341,2.180722,,True
193,injector_4,1.117883,0.000000,6.582005,2.290708,,True
194,central_extraction,0.000000,4.486034,6.688431,2.102332,,True
194,injector_1,1.071015,0.000000,6.760270,2.016400,,True
194,injector_2,1.141358,0.000000,6.712047,2.017473,,True
194,injector_3,1.042933,0.000000,6.623115,2.171410,1.310576,True
194,injector_4,1.077432,0.000000,6.518285,2.267890,,True
195,central_extraction,0.000000,4.569207,6.726779,2.070070,1.349700,True
195,injector_1,1.104901,0.000000,6.735576,2.051641,1.289222,True
195,injector_2,1.073889,0.000000,6.721617,2.058279,,True
195,injector_3,1.117720,0.000000,6.614537,2.160004,,True
195,injector_4,1.125027,0.000000,6.529280,2.141302,1.305623,True
196,central_extraction,0.000000,4.530723,6.679278,2.063438,,True
196,injector_1,1.129373,0.000000,6.750439,2.084755,,True
196,injector_2,1.120772,0.000000,6.729379,2.094346,1.138260,True
196,injector_3,1.125503,0.000000,6.620527,2.138308,,True
196,injector_4,1.179615,0.000000,6.557043,2.217303,,True
197,central_extraction,0.000000,4.329323,6.717913,2.100111,,True
197,injector_1,1.120014,0.000000,6.727772,2.113062,,True
197,injector_2,1.161663,0.000000,6.721649,2.102556,,True
197,injector_3,1.120860,0.000000,6.641547,2.156691,1.303161,True
197,injector_4,1.162172,0.000000,6.528660,2.247491,,True
198,central_extraction,0.000000,4.383409,6.668428,2.084011,1.385238,True
198,injector_1,1.122469,0.000000,6.756623,2.048594,1.312965,True
198,injector_2,1.145894,0.000000,6.699017,2.142946,,True
198,injector_3,1.077706,0.000000,6.563269,2.228417,,True
198,injector_4,1.085191,0.000000,6.486339,2.254741,1.285108,True
199,central_extraction,0.000000,4.531480,6.734930,2.060527,,True
199,injector_1,1.123359,0.000000,6.713286,2.130790,,True
199,injector_2,1.052970,0.000000,6.698310,2.095596,1.306975,True
199,injector_3,1.063693,0.000000,6.599020,2.181666,,True
199,injector_4,1.144749,0.000000,6.553240,2.270684,,True
200,central_extraction,0.000000,4.502751,6.759737,2.091162,,True
200,injector_1,1.025171,0.000000,6.747997,2.073116,,True
200,injector_2,1.068240,0.000000,6.657843,2.128755,,True
200,injector_3,1.125514,0.000000,6.602161,2.150237,1.241062,True
200,injector_4,1.085144,0.000000,6.574365,2.317621,,True
201,central_extraction,0.000000,4.320028,6.744413,2.066720,1.248905,True
201,injector_1,1.196824,0.000000,6.767164,2.027661,1.272644,True
201,injector_2,1.157333,0.000000,6.714563,2.115122,,True
201,injector_3,1.079131,0.000000,6.633510,2.148124,,True
201,injector_4,1.160491,0.000000,6.497528,2.358021,1.413324,True
202,central_extraction,0.000000,4.308671,6.678174,2.074636,,True
202,injector_1,1.088185,0.000000,6.782381,2.083355,,True
202,injector_2,1.163437,0.000000,6.690904,2.182362,,True
202,injector_3,1.072632,0.000000,6.619753,2.234040,,True
202,injector_4,1.147671,0.000000,6.555397,2.241739,,True
203,central_extraction,0.000000,4.193609,6.765046,2.038988,,True
203,injector_1,1.148283,0.000000,6.738451,2.057008,,True
203,injector_2,1.070636,0.000000,6.717803,2.194008,,True
203,injector_3,1.053173,0.000000,6.601770,2.217071,1.295181,True
203,injector_4,1.071022,0.000000,6.559500,2.316105,,True
204,central_extraction,0.000000,4.489431,6.722808,1.989581,,True
204,injector_1,1.144083,0.000000,6.728303,2.144737,1.214981,True
204,injector_2,1.085863,0.000000,6.680276,2.168363,,True
204,injector_3,1.091162,0.000000,6.574967,2.236091,,True
204,injector_4,1.142684,0.000000,6.523397,2.320639,1.372850,True
205,central_extraction,0.000000,4.435754,6.758101,2.120085,,True
205,injector_1,1.147437,0.000000,6.762852,2.103591,,True
205,injector_2,1.095136,0.000000,6.698658,2.183159,1.319384,True
205,injector_3,1.105240,0.000000,6.538785,2.310280,,True
205,injector_4,1.135224,0.000000,6.539388,2.359748,,True
206,central_extraction,0.000000,4.265547,6.711439,2.113235,,True
206,injector_1,1.097649,0.000000,6.753941,2.053748,,True
206,injector_2,1.090402,0.000000,6.694525,2.199189,,True
206,injector_3,1.093894,0.000000,6.586248,2.250798,1.233521,True
206,injector_4,1.204827,0.000000,6.537269,2.421829,,True
207,central_extraction,0.000000,4.389475,6.753337,2.054958,1.335220,True
207,injector_1,1.128893,0.000000,6.738906,2.136699,1.275785,True
207,injector_2,1.091140,0.000000,6.692974,2.182028,,True
207,injector_3,1.093304,0.000000,6.594714,2.273259,,True
207,injector_4,1.114295,0.000000,6.560305,2.399289,1.327235,True
208,central_extraction,0.000000,4.440479,6.711413,2.086634,,True
208,injector_1,1.111453,0.000000,6.722839,2.152940,,True
208,injector_2,1.077470,0.000000,6.686589,2.214552,1.241249,True
208,injector_3,1.013143,0.000000,6.566937,2.191553,,True
208,injector_4,1.097878,0.000000,6.551453,2.288849,,True
209,central_extraction,0.000000,4.354077,6.713129,2.183263,,True
209,injector_1,1.160445,0.000000,6.732530,2.083149,,True
209,injector_2,1.166280,0.000000,6.689703,2.164471,,True
209,injector_3,1.175989,0.000000,6.556066,2.241515,1.362484,True
209,injector_4,1.115014,0.000000,6.557326,2.357005,,True
210,central_extraction,0.000000,4.318140,6.742837,2.091272,1.370217,True
210,injector_1,1.107123,0.000000,6.724443,2.201858,1.351731,True
210,injector_2,1.095215,0.000000,6.697872,2.188969,,True
210,injector_3,1.150592,0.000000,6.543996,2.392697,,True
210,injector_4,1.174466,0.000000,6.573938,2.301315,1.455467,True
211,central_extraction,0.000000,4.317231,6.727716,2.077076,,True
211,injector_1,1.158360,0.000000,6.756320,2.125906,,True
211,injector_2,1.092939,0.000000,6.649759,2.160104,1.421084,True
211,injector_3,1.058825,0.000000,6.606632,2.277136,,True
211,injector_4,1.070053,0.000000,6.554273,2.368376,,True
212,central_extraction,0.000000,4.507778,6.670880,2.065640,,True
212,injector_1,1.203543,0.000000,6.718570,2.126769,,True
212,injector_2,1.164392,0.000000,6.659250,2.249577,,True
212,injector_3,1.092064,0.000000,6.536846,2.331442,1.445892,True
212,injector_4,1.102473,0.000000,6.561789,2.439042,,True
213,central_extraction,0.000000,4.407222,6.744741,2.083125,1.449017,True
213,injector_1,1.153510,0.000000,6.732808,2.132416,1.413247,True
213,injector_2,1.104896,0.000000,6.614140,2.234569,,True
213,injector_3,1.170388,0.000000,6.583717,2.301479,,True
213,injector_4,1.123122,0.000000,6.542667,2.438451,1.584050,True
214,central_extraction,0.000000,4.270414,6.719871,2.091373,,True
214,injector_1,1.159268,0.000000,6.726380,2.141346,,True
214,injector_2,1.150299,0.000000,6.654790,2.307073,1.494995,True
214,injector_3,1.095993,0.000000,6.616705,2.307452,,True
214,injector_4,1.155008,0.000000,6.535129,2.348928,,True
215,central_extraction,0.000000,4.458809,6.730878,2.125511,,True
215,injector_1,1.159418,0.000000,6.733554,2.189943,,True
215,injector_2,1.133567,0.000000,6.624884,2.261077,,True
215,injector_3,1.141891,0.000000,6.554808,2.335242,1.527709,True
215,injector_4,1.145919,0.000000,6.562328,2.392068,,True
216,central_extraction,0.000000,4.545313,6.749042,2.116364,1.583826,True
216,injector_1,1.225104,0.000000,6.724101,2.207201,1.476282,True
216,injector_2,1.147249,0.000000,6.663546,2.254825,,True
216,injector_3,1.131708,0.000000,6.567977,2.353304,,True
216,injector_4,1.122589,0.000000,6.547848,2.414967,1.644902,True
217,central_extraction,0.000000,4.577767,6.756537,2.133378,,True
217,injector_1,1.155777,0.000000,6.731393,2.174860,,True
217,injector_2,1.185288,0.000000,6.661569,2.305161,1.499253,True
217,injector_3,1.075358,0.000000,6.596944,2.376850,,True
217,injector_4,1.084162,0.000000,6.578476,2.347897,,True
218,central_extraction,0.000000,4.652071,6.713208,2.113822,,True
218,injector_1,1.204537,0.000000,6.741976,2.229540,,True
218,injector_2,1.180293,0.000000,6.667922,2.336956,,True
218,injector_3,1.144274,0.000000,6.537014,2.333733,,True
218,injector_4,1.122617,0.000000,6.553105,2.402133,,True
219,central_extraction,0.000000,4.614729,6.775878,2.125832,1.671518,True
219,injector_1,1.190741,0.000000,6.687230,2.188452,1.557362,True
219,injector_2,1.182919,0.000000,6.591320,2.331198,,True
219,injector_3,1.149170,0.000000,6.540253,2.367281,,True
219,injector_4,1.135443,0.000000,6.546006,2.405131,1.638688,True
220,central_extraction,0.000000,4.421186,6.711494,2.099118,,True
220,injector_1,1.186731,0.000000,6.704875,2.165184,,True
220,injector_2,1.159685,0.000000,6.592197,2.278361,1.611355,True
220,injector_3,1.180424,0.000000,6.540816,2.394278,,True
220,injector_4,1.100873,0.000000,6.590734,2.436545,,True
221,central_extraction,0.000000,4.611550,6.780857,2.125768,,True
221,injector_1,1.225083,0.000000,6.697559,2.203248,,True
221,injector_2,1.143660,0.000000,6.589275,2.297208,,True
221,injector_3,1.150173,0.000000,6.540787,2.387605,1.638323,True
221,injector_4,1.098072,0.000000,6.600269,2.400167,,True
222,central_extraction,0.000000,4.618601,6.750748,2.152585,1.652354,True
222,injector_1,1.219131,0.000000,6.692126,2.302107,1.551525,True
222,injector_2,1.231642,0.000000,6.619670,2.293496,,True
222,injector_3,1.060627,0.000000,6.562597,2.397436,,True
222,injector_4,1.183416,0.000000,6.583414,2.462110,1.649424,True
223,central_extraction,0.000000,4.534919,6.742953,2.178973,,True
223,injector_1,1.213074,0.000000,6.718769,2.264556,,True
223,injector_2,1.168273,0.000000,6.640769,2.335940,1.610603,True
223,injector_3,1.177748,0.000000,6.576639,2.419483,,True
223,injector_4,1.113559,0.000000,6.584991,2.396630,,True
224,central_extraction,0.000000,4.487021,6.752371,2.213358,,True
224,injector_1,1.293501,0.000000,6.703754,2.134024,,True
224,injector_2,1.222508,0.000000,6.634238,2.316273,,True
224,injector_3,1.139377,0.000000,6.538685,2.414360,1.696223,True
224,injector_4,1.135786,0.000000,6.603243,2.419150,,True
225,central_extraction,0.000000,4.579781,6.742299,2.194040,1.697823,True
225,injector_1,1.261683,0.000000,6.680880,2.353833,1.592279,True
225,injector_2,1.234339,0.000000,6.598349,2.390663,,True
225,injector_3,1.164334,0.000000,6.585058,2.410788,,True
225,injector_4,1.273264,0.000000,6.583656,2.470396,1.804362,True
226,central_extraction,0.000000,4.621995,6.726415,2.246982,,True
226,injector_1,1.241304,0.000000,6.730405,2.307158,,True
226,injector_2,1.246622,0.000000,6.620587,2.379897,1.670941,True
226,injector_3,1.159963,0.000000,6.534687,2.415078,,True
226,injector_4,1.126809,0.000000,6.569110,2.410177,,True
227,central_extraction,0.000000,4.721890,6.727516,2.279554,,True
227,injector_1,1.221419,0.000000,6.745024,2.239365,,True
227,injector_2,1.175349,0.000000,6.613647,2.414514,,True
227,injector_3,1.171693,0.000000,6.528179,2.373645,1.812628,True
227,injector_4,1.184455,0.000000,6.599992,2.478123,,True
228,central_extraction,0.000000,4.782511,6.707830,2.227922,1.712227,True
228,injector_1,1.330173,0.000000,6.729054,2.370616,1.650345,True
228,injector_2,1.177150,0.000000,6.590800,2.344073,,True
228,injector_3,1.163261,0.000000,6.536307,2.554750,,True
228,injector_4,1.101439,0.000000,6.585591,2.397419,1.860025,True
229,central_extraction,0.000000,4.711483,6.777685,2.220515,,True
229,injector_1,1.283726,0.000000,6.734815,2.284712,,True
229,injector_2,1.124943,0.000000,6.600076,2.453889,1.732455,True
229,injector_3,1.160766,0.000000,6.508399,2.396666,,True
229,injector_4,1.106194,0.000000,6.573585,2.514040,,True
230,central_extraction,0.000000,4.646604,6.760050,2.262825,,True
230,injector_1,1.306816,0.000000,6.667119,2.324711,,True
230,injector_2,1.227055,0.000000,6.612261,2.422422,,True
230,injector_3,1.230097,0.000000,6.564386,2.460765,1.827365,True
230,injector_4,1.146723,0.000000,6.619914,2.486205,,True
231,central_extraction,0.000000,4.646151,6.744262,2.262000,1.792039,True
231,injector_1,1.320908,0.000000,6.688973,2.398379,1.720904,True
231,injector_2,1.238296,0.000000,6.612751,2.341676,,True
231,injector_3,1.179582,0.000000,6.563630,2.448558,,True
231,injector_4,1.082785,0.000000,6.596506,2.462618,1.855344,True
232,central_extraction,0.000000,4.660602,6.768856,2.208425,,True
232,injector_1,1.358685,0.000000,6.709723,2.324865,,True
232,injector_2,1.224416,0.000000,6.629235,2.378960,1.725912,True
232,injector_3,1.206559,0.000000,6.550371,2.428431,,True
232,injector_4,1.123155,0.000000,6.589146,2.445524,,True
233,central_extraction,0.000000,4.852928,6.719051,2.256526,,True
233,injector_1,1.363036,0.000000,6.726655,2.401628,,True
233,injector_2,1.274530,0.000000,6.570002,2.421721,,True
233,injector_3,1.233734,0.000000,6.580397,2.394119,1.859984,True
233,injector_4,1.124868,0.000000,6.566619,2.395963,,True
234,central_extraction,0.000000,4.720137,6.769450,2.253316,1.885246,True
234,injector_1,1.331295,0.000000,6.639443,2.404829,1.738257,True
234,injector_2,1.259061,0.000000,6.602593,2.395780,,True
234,injector_3,1.256227,0.000000,6.553173,2.365090,,True
234,injector_4,1.062166,0.000000,6.625057,2.502493,,True
235,central_extraction,0.000000,4.750557,6.775832,2.327193,,True
235,injector_1,1.365896,0.000000,6.650570,2.393159,,True
235,injector_2,1.303816,0.000000,6.599878,2.421550,1.876355,True
235,injector_3,1.238291,0.000000,6.560370,2.422851,,True
235,injector_4,1.118093,0.000000,6.658223,2.474438,,True
236,central_extraction,0.000000,4.892382,6.730016,2.291407,,True
236,injector_1,1.367808,0.000000,6.655533,2.408006,,True
236,injector_2,1.288720,0.000000,6.576785,2.461575,,True
236,injector_3,1.171374,0.000000,6.578398,2.475066,1.880091,True
236,injector_4,1.131241,0.000000,6.615874,2.454942,,True
237,central_extraction,0.000000,4.748885,6.708841,2.321001,1.818942,True
237,injector_1,1.364576,0.000000,6.714280,2.405442,,True
237,injector_2,1.276114,0.000000,6.620634,2.461023,,True
237,injector_3,1.154143,0.000000,6.574182,2.373144,,True
237,injector_4,1.110506,0.000000,6.599819,2.425093,1.965860,True
238,central_extraction,0.000000,4.892537,6.751509,2.319427,,True
238,injector_1,1.345675,0.000000,6.673237,2.397082,,True
238,injector_2,1.260363,0.000000,6.584018,2.426873,1.886425,True
238,injector_3,1.106883,0.000000,6.557219,2.372695,,True
238,injector_4,1.118194,0.000000,6.601927,2.434499,,True
239,central_extraction,0.000000,4.827849,6.724717,2.390468,,True
239,injector_1,1.330916,0.000000,6.627772,2.379303,,True
239,injector_2,1.346108,0.000000,6.510470,2.466768,,True
239,injector_3,1.153461,0.000000,6.527271,2.452977,1.971637,True
239,injector_4,1.165509,0.000000,6.629383,2.367449,,True
240,central_extraction,0.000000,4.842726,6.694592,2.387082,1.966457,True
240,injector_1,1.374932,0.000000,6.701384,2.357848,1.948829,True
240,injector_2,1.371786,0.000000,6.565908,2.468680,,True
240,injector_3,1.252523,0.000000,6.586748,2.479737,,True
240,injector_4,1.218055,0.000000,6.593749,2.445753,2.063996,True
241,central_extraction,0.000000,4.823752,6.677326,2.312307,,True
241,injector_1,1.351087,0.000000,6.662465,2.331402,,True
241,injector_2,1.345135,0.000000,6.550282,2.402518,1.936855,True
241,injector_3,1.144890,0.000000,6.556084,2.496031,,True
241,injector_4,1.193775,0.000000,6.653166,2.449352,,True
242,central_extraction,0.000000,4.833500,6.709067,2.386912,,True
242,injector_1,1.397854,0.000000,6.664459,2.385797,,True
242,injector_2,1.332118,0.000000,6.578527,2.496821,,True
242,injector_3,1.199398,0.000000,6.547454,2.474874,2.046872,True
242,injector_4,1.146801,0.000000,6.675073,2.427948,,True
243,central_extraction,0.000000,5.156185,6.758638,2.376640,2.053152,True
243,injector_1,1.356085,0.000000,6.675459,2.385636,1.981641,True
243,injector_2,1.218660,0.000000,6.573458,2.482743,,True
243,injector_3,1.203355,0.000000,6.541175,2.444326,,True
243,injector_4,1.157071,0.000000,6.584250,2.370912,2.088696,True
244,central_extraction,0.000000,5.007351,6.723967,2.363196,,True
244,injector_1,1.457902,0.000000,6.647279,2.458024,,True
244,injector_2,1.283712,0.000000,6.563014,2.482691,1.935298,True
244,injector_3,1.140338,0.000000,6.573412,2.470430,,True
244,injector_4,1.197254,0.000000,6.641006,2.305678,,True
245,central_extraction,0.000000,4.942980,6.699150,2.428587,,True
245,injector_1,1.359597,0.000000,6.680380,2.461136,,True
245,injector_2,1.226050,0.000000,6.606251,2.485107,,True
245,injector_3,1.263650,0.000000,6.528637,2.474909,1.982750,True
245,injector_4,1.173020,0.000000,6.641496,2.422391,,True
246,central_extraction,0.000000,4.848793,6.719330,2.400161,2.057764,True
246,injector_1,1.486301,0.000000,6.663336,2.392435,1.938618,True
246,injector_2,1.291057,0.000000,6.586489,2.408482,,True
246,injector_3,1.210509,0.000000,6.564648,2.413205,,True
246,injector_4,1.224089,0.000000,6.624542,2.385363,2.036169,True
247,central_extraction,0.000000,5.034519,6.713405,2.398785,,True
247,injector_1,1.447342,0.000000,6.690131,2.454244,,True
247,injector_2,1.223838,0.000000,6.498467,2.471177,2.042741,True
247,injector_3,1.208206,0.000000,6.520737,2.471281,,True
247,injector_4,1.247174,0.000000,6.631701,2.380050,,True
248,central_extraction,0.000000,4.968315,6.713392,2.450204,,True
248,injector_1,1.452799,0.000000,6.620821,2.430718,,True
248,injector_2,1.296123,0.000000,6.549157,2.403203,,True
248,injector_3,1.237276,0.000000,6.569384,2.405344,2.030842,True
248,injector_4,1.213100,0.000000,6.630775,2.344393,,True
249,central_extraction,0.000000,5.114008,6.734645,2.388524,2.106778,True
249,injector_1,1.409928,0.000000,6.631106,2.461385,2.030711,True
249,injector_2,1.352681,0.000000,6.550262,2.492715,,True
249,injector_3,1.179798,0.000000,6.552655,2.402027,,True
249,injector_4,1.209590,0.000000,6.623631,2.404285,2.076920,True
250,central_extraction,0.000000,5.061664,6.669152,2.440436,,True
250,injector_1,1.317841,0.000000,6.642051,2.408134,,True
250,injector_2,1.318745,0.000000,6.557458,2.464094,1.960338,True
250,injector_3,1.237681,0.000000,6.581789,2.401954,,True
250,injector_4,1.187500,0.000000,6.648136,2.368908,,True
251,central_extraction,0.000000,5.081036,6.719490,2.412510,,True
251,injector_1,1.330650,0.000000,6.606652,2.392253,,True
251,injector_2,1.223308,0.000000,6.516907,2.423270,,True
251,injector_3,1.249549,0.000000,6.568426,2.426199,2.081750,True
251,injector_4,1.208192,0.000000,6.709758,2.364719,,True
252,central_extraction,0.000000,4.931121,6.684123,2.450255,2.043795,True
252,injector_1,1.351660,0.000000,6.626312,2.396757,1.984232,True
252,injector_2,1.266373,0.000000,6.574740,2.462006,,True
252,injector_3,1.259390,0.000000,6.551897,2.374514,,True
252,injector_4,1.256224,0.000000,6.659659,2.299129,2.113458,True
253,central_extraction,0.000000,4.915028,6.715855,2.399527,,True
253,injector_1,1.318195,0.000000,6.606776,2.446913,,True
253,injector_2,1.307475,0.000000,6.583737,2.428184,,True
253,injector_3,1.289796,0.000000,6.568194,2.400033,,True
253,injector_4,1.224130,0.000000,6.713771,2.380109,,True
254,central_extraction,0.000000,4.897686,6.689289,2.432055,,True
254,injector_1,1.351698,0.000000,6.643817,2.547303,,True
254,injector_2,1.317113,0.000000,6.548541,2.453309,,True
254,injector_3,1.300961,0.000000,6.604896,2.410551,2.104795,True
254,injector_4,1.221162,0.000000,6.651923,2.365625,,True
255,central_extraction,0.000000,5.007129,6.693754,2.395371,,True
255,injector_1,1.336097,0.000000,6.597184,2.449502,2.065640,True
255,injector_2,1.353777,0.000000,6.545822,2.433319,,True
255,injector_3,1.310044,0.000000,6.606842,2.371165,,True
255,injector_4,1.177966,0.000000,6.692045,2.350932,2.116434,True
256,central_extraction,0.000000,5.009646,6.699990,2.398521,,True
256,injector_1,1.324150,0.000000,6.572163,2.508858,,True
256,injector_2,1.292315,0.000000,6.528710,2.403653,2.114694,True
256,injector_3,1.258855,0.000000,6.632451,2.350317,,True
256,injector_4,1.197675,0.000000,6.679398,2.315655,,True
257,central_extraction,0.000000,4.998622,6.765009,2.368802,,True
257,injector_1,1.313503,0.000000,6.624052,2.478115,,True
257,injector_2,1.341723,0.000000,6.519596,2.356910,,True
257,injector_3,1.307799,0.000000,6.548208,2.453007,2.229249,True
257,injector_4,1.289775,0.000000,6.647780,2.243670,,True
258,central_extraction,0.000000,4.934817,6.716423,2.467474,2.213253,True
258,injector_1,1.297232,0.000000,6.587075,2.357385,2.173083,True
258,injector_2,1.321763,0.000000,6.582369,2.454712,,True
258,injector_3,1.236687,0.000000,6.558109,2.345471,,True
258,injector_4,1.268642,0.000000,6.665959,2.324796,2.254470,True
259,central_extraction,0.000000,4.945056,6.661069,2.377379,,True
259,injector_1,1.329359,0.000000,6.619714,2.428588,,True
259,injector_2,1.313538,0.000000,6.562972,2.409275,2.159076,True
259,injector_3,1.255385,0.000000,6.580270,2.418820,,True
259,injector_4,1.303145,0.000000,6.687005,2.257917,,True
260,central_extraction,0.000000,5.080055,6.722246,2.451383,,True
260,injector_1,1.381074,0.000000,6.605482,2.404159,,True
260,injector_2,1.299000,0.000000,6.545635,2.394979,,True
260,injector_3,1.342090,0.000000,6.582360,2.318972,2.250668,True
260,injector_4,1.261473,0.000000,6.703646,2.313251,,True
261,central_extraction,0.000000,4.990339,6.706153,2.372251,2.152365,True
261,injector_1,1.316284,0.000000,6.648214,2.446819,2.157596,True
261,injector_2,1.297472,0.000000,6.611001,2.419201,,True
261,injector_3,1.315835,0.000000,6.577409,2.360539,,True
261,injector_4,1.271330,0.000000,6.657416,2.293501,2.215361,True
262,central_extraction,0.000000,5.144377,6.686074,2.416724,,True
262,injector_1,1.305526,0.000000,6.542396,2.395878,,True
262,injector_2,1.376193,0.000000,6.562115,2.417852,2.233893,True
262,injector_3,1.335529,0.000000,6.602371,2.360374,,True
262,injector_4,1.344917,0.000000,6.712120,2.261432,,True
263,central_extraction,0.000000,5.319276,6.677869,2.468086,,True
263,injector_1,1.384719,0.000000,6.573875,2.451804,,True
263,injector_2,1.311995,0.000000,6.577256,2.386308,,True
263,injector_3,1.345639,0.000000,6.577828,2.266826,2.206687,True
263,injector_4,1.308070,0.000000,6.717891,2.291962,,True
264,central_extraction,0.000000,5.083011,6.686994,2.403415,2.115313,True
264,injector_1,1.340480,0.000000,6.564464,2.411477,2.166332,True
264,injector_2,1.366686,0.000000,6.486066,2.381405,,True
264,injector_3,1.295577,0.000000,6.619867,2.362423,,True
264,injector_4,1.368593,0.000000,6.763853,2.253546,2.154062,True
265,central_extraction,0.000000,5.246014,6.688501,2.440000,,True
265,injector_1,1.301622,0.000000,6.567684,2.425950,,True
265,injector_2,1.334097,0.000000,6.537857,2.351626,2.259881,True
265,injector_3,1.362852,0.000000,6.598589,2.307130,,True
265,injector_4,1.309420,0.000000,6.703499,2.268535,,True
266,central_extraction,0.000000,5.162201,6.668869,2.419807,,True
266,injector_1,1.318907,0.000000,6.614424,2.452569,,True
266,injector_2,1.390645,0.000000,6.551006,2.361087,,True
266,injector_3,1.322511,0.000000,6.635313,2.332813,2.225079,True
266,injector_4,1.324730,0.000000,6.712646,2.114177,,True
267,central_extraction,0.000000,5.290886,6.685491,2.449334,2.195040,True
267,injector_1,1.374008,0.000000,6.566067,2.547672,2.166994,True
267,injector_2,1.280770,0.000000,6.568123,2.358427,,True
267,injector_3,1.312039,0.000000,6.597494,2.253195,,True
267,injector_4,1.335488,0.000000,6.703150,2.204943,2.303970,True
268,central_extraction,0.000000,5.203987,6.654361,2.455649,,True
268,injector_1,1.311913,0.000000,6.556604,2.442791,,True
268,injector_2,1.324768,0.000000,6.571611,2.345892,2.271424,True
268,injector_3,1.356769,0.000000,6.618018,2.240099,,True
268,injector_4,1.329621,0.000000,6.690826,2.168434,,True
269,central_extraction,0.000000,5.179869,6.660637,2.541281,,True
269,injector_1,1.288399,0.000000,6.515915,2.372363,,True
269,injector_2,1.313929,0.000000,6.606276,2.379487,,True
269,injector_3,1.321496,0.000000,6.578906,2.315550,,True
269,injector_4,1.364009,0.000000,6.696729,2.229306,,True
270,central_extraction,0.000000,5.257189,6.655803,2.473483,2.220692,True
270,injector_1,1.292330,0.000000,6.543622,2.307539,2.274100,True
270,injector_2,1.354718,0.000000,6.588273,2.368003,,True
270,injector_3,1.343591,0.000000,6.615906,2.192695,,True
270,injector_4,1.350244,0.000000,6.714707,2.131531,2.303202,True
271,central_extraction,0.000000,5.214938,6.674161,2.432849,,True
271,injector_1,1.257995,0.000000,6.557002,2.397557,,True
271,injector_2,1.347322,0.000000,6.566652,2.271142,2.379617,True
271,injector_3,1.403723,0.000000,6.633654,2.270078,,True
271,injector_4,1.323809,0.000000,6.691845,2.182613,,True
272,central_extraction,0.000000,5.204096,6.667860,2.416939,,True
272,injector_1,1.170063,0.000000,6.574312,2.398164,,True
272,injector_2,1.334273,0.000000,6.587779,2.324458,,True
272,injector_3,1.323793,0.000000,6.614938,2.185763,2.299939,True
272,injector_4,1.261121,0.000000,6.725929,2.096919,,True
273,central_extraction,0.000000,5.252773,6.639458,2.477343,2.274247,True
273,injector_1,1.288411,0.000000,6.577252,2.429160,2.223927,True
273,injector_2,1.385732,0.000000,6.573230,2.301417,,True
273,injector_3,1.326000,0.000000,6.668720,2.275165,,True
273,injector_4,1.292287,0.000000,6.758413,2.161173,2.194513,True
274,central_extraction,0.000000,5.169100,6.660712,2.442499,,True
274,injector_1,1.279505,0.000000,6.561332,2.394644,,True
274,injector_2,1.298440,0.000000,6.535093,2.331649,2.280448,True
274,injector_3,1.334228,0.000000,6.609242,2.275419,,True
274,injector_4,1.311412,0.000000,6.685905,2.224266,,True
275,central_extraction,0.000000,4.969819,6.630515,2.404623,,True
275,injector_1,1.287567,0.000000,6.572212,2.435815,,True
275,injector_2,1.261806,0.000000,6.555782,2.212697,,True
275,injector_3,1.351190,0.000000,6.656181,2.264879,2.307056,True
275,injector_4,1.337473,0.000000,6.737005,2.166710,,True
276,central_extraction,0.000000,5.153482,6.626009,2.387957,2.305627,True
276,injector_1,1.267798,0.000000,6.559790,2.336309,2.355509,True
276,injector_2,1.303745,0.000000,6.546238,2.278490,,True
276,injector_3,1.370124,0.000000,6.643158,2.238287,,True
276,injector_4,1.328857,0.000000,6.713606,2.144821,2.271706,True
277,central_extraction,0.000000,5.168964,6.649667,2.410732,,True
277,injector_1,1.190457,0.000000,6.537096,2.354329,,True
277,injector_2,1.330175,0.000000,6.538138,2.336488,2.348188,True
277,injector_3,1.291419,0.000000,6.642996,2.176961,,True
277,injector_4,1.326276,0.000000,6.696436,2.137199,,True
278,central_extraction,0.000000,5.141006,6.654424,2.413575,,True
278,injector_1,1.240225,0.000000,6.539087,2.341219,,True
278,injector_2,1.339597,0.000000,6.519924,2.341245,,True
278,injector_3,1.415056,0.000000,6.641186,2.189789,2.352542,True
278,injector_4,1.322534,0.000000,6.722696,2.098410,,True
279,central_extraction,0.000000,5.172621,6.659332,2.385114,2.320481,True
279,injector_1,1.187565,0.000000,6.530895,2.346930,2.329735,True
279,injector_2,1.303552,0.000000,6.582706,2.246594,,True
279,injector_3,1.296743,0.000000,6.634560,2.215631,,True
279,injector_4,1.385436,0.000000,6.703239,2.203086,2.248349,True
280,central_extraction,0.000000,5.022285,6.610379,2.468315,,True
280,injector_1,1.174728,0.000000,6.527956,2.255177,,True
280,injector_2,1.300528,0.000000,6.601921,2.263932,2.327876,True
280,injector_3,1.347363,0.000000,6.685468,2.166220,,True
280,injector_4,1.331730,0.000000,6.783116,2.087088,,True
281,central_extraction,0.000000,5.182204,6.602553,2.473327,,True
281,injector_1,1.214114,0.000000,6.574350,2.301826,,True
281,injector_2,1.321491,0.000000,6.578930,2.270476,,True
281,injector_3,1.313428,0.000000,6.659386,2.233098,2.411148,True
281,injector_4,1.320448,0.000000,6.699079,2.090138,,True
282,central_extraction,0.000000,4.941623,6.602096,2.382126,2.306325,True
282,injector_1,1.208066,0.000000,6.574313,2.296495,2.255178,True
282,injector_2,1.289559,0.000000,6.591860,2.148089,,True
282,injector_3,1.283805,0.000000,6.677016,2.189479,,True
282,injector_4,1.372121,0.000000,6.740136,2.122525,2.264810,True
283,central_extraction,0.000000,4.998085,6.630274,2.409146,,True
283,injector_1,1.217879,0.000000,6.552507,2.263003,,True
283,injector_2,1.269350,0.000000,6.550641,2.200813,2.425600,True
283,injector_3,1.358105,0.000000,6.660717,2.176709,,True
283,injector_4,1.327081,0.000000,6.700209,2.034803,,True
284,central_extraction,0.000000,5.018581,6.595112,2.415682,,True
284,injector_1,1.165294,0.000000,6.572476,2.316019,,True
284,injector_2,1.279560,0.000000,6.585175,2.214972,,True
284,injector_3,1.318331,0.000000,6.656011,2.202898,2.359970,True
284,injector_4,1.309632,0.000000,6.730021,2.070162,,True
285,central_extraction,0.000000,5.076146,6.630171,2.359940,2.327471,True
285,injector_1,1.169468,0.000000,6.559876,2.322639,2.333948,True
285,injector_2,1.221736,0.000000,6.564071,2.284635,,True
285,injector_3,1.369869,0.000000,6.682402,2.128848,,True
285,injector_4,1.373211,0.000000,6.763830,2.024445,,True
286,central_extraction,0.000000,4.978933,6.660171,2.328820,,True
286,injector_1,1.137282,0.000000,6.576924,2.183030,,True
286,injector_2,1.276795,0.000000,6.592432,2.142987,2.357179,True
286,injector_3,1.312268,0.000000,6.708558,2.142935,,True
286,injector_4,1.338198,0.000000,6.748110,2.039444,,True
287,central_extraction,0.000000,4.988146,6.572443,2.289297,,True
287,injector_1,1.098303,0.000000,6.535645,2.228148,,True
287,injector_2,1.323127,0.000000,6.598895,2.191034,,True
287,injector_3,1.293313,0.000000,6.676171,2.161546,2.356746,True
287,injector_4,1.324809,0.000000,6.733733,2.071710,,True
288,central_extraction,0.000000,5.039756,6.606037,2.299616,2.314121,True
288,injector_1,1.146520,0.000000,6.501785,2.297632,,True
288,injector_2,1.231536,0.000000,6.588699,2.181691,,True
288,injector_3,1.320970,0.000000,6.677599,2.099590,,True
288,injector_4,1.327626,0.000000,6.699936,1.977885,2.345328,True
289,central_extraction,0.000000,4.983313,6.583857,2.367582,,True
289,injector_1,1.148358,0.000000,6.556904,2.226499,,True
289,injector_2,1.232713,0.000000,6.609413,2.146554,2.292807,True
289,injector_3,1.302407,0.000000,6.611859,2.116045,,True
289,injector_4,1.346165,0.000000,6.761440,2.074200,,True
290,central_extraction,0.000000,5.007872,6.570222,2.250621,,True
290,injector_1,1.184817,0.000000,6.570577,2.293845,,True
290,injector_2,1.263964,0.000000,6.563773,2.188893,,True
290,injector_3,1.279292,0.000000,6.657816,2.028245,2.259071,True
290,injector_4,1.371869,0.000000,6.717419,2.028196,,True
291,central_extraction,0.000000,4.983286,6.567139,2.288097,2.215519,True
291,injector_1,1.129618,0.000000,6.512729,2.272218,2.272431,True
291,injector_2,1.275433,0.000000,6.616716,2.128736,,True
291,injector_3,1.219959,0.000000,6.675455,2.102605,,True
291,injector_4,1.265462,0.000000,6.742619,2.076152,2.161826,True
292,central_extraction,0.000000,4.941041,6.612908,2.309534,,True
292,injector_1,1.055104,0.000000,6.541529,2.170726,,True
292,injector_2,1.231338,0.000000,6.592325,2.130377,2.296875,True
292,injector_3,1.299937,0.000000,6.687136,2.065574,,True
292,injector_4,1.307293,0.000000,6.750098,2.068110,,True
293,central_extraction,0.000000,4.847483,6.645803,2.314664,,True
293,injector_1,1.061581,0.000000,6.509542,2.192530,,True
293,injector_2,1.226883,0.000000,6.607311,2.185082,,True
293,injector_3,1.288160,0.000000,6.717261,2.024321,2.333959,True
293,injector_4,1.294592,0.000000,6.760781,2.031185,,True
294,central_extraction,0.000000,4.833914,6.565670,2.314476,2.227716,True
294,injector_1,1.002318,0.000000,6.585308,2.186209,2.283277,True
294,injector_2,1.217577,0.000000,6.619828,2.127811,,True
294,injector_3,1.284996,0.000000,6.712149,2.053815,,True
294,injector_4,1.330386,0.000000,6.736912,2.034320,2.251602,True
295,central_extraction,0.000000,4.670115,6.601730,2.265479,,True
295,injector_1,1.035612,0.000000,6.555450,2.237773,,True
295,injector_2,1.206818,0.000000,6.608976,2.210158,2.284051,True
295,injector_3,1.264313,0.000000,6.673487,2.058522,,True
295,injector_4,1.339164,0.000000,6.744419,2.041245,,True
296,central_extraction,0.000000,4.699752,6.596444,2.273949,,True
296,injector_1,1.047268,0.000000,6.551361,2.203017,,True
296,injector_2,1.177374,0.000000,6.603951,2.145431,,True
296,injector_3,1.267786,0.000000,6.691515,2.062636,2.289590,True
296,injector_4,1.367819,0.000000,6.745467,2.091109,,True
297,central_extraction,0.000000,4.707508,6.568980,2.301887,2.171374,True
297,injector_1,1.037428,0.000000,6.543899,2.186940,2.347144,True
297,injector_2,1.153507,0.000000,6.650777,2.143300,,True
297,injector_3,1.228699,0.000000,6.708726,2.032725,,True
297,injector_4,1.295778,0.000000,6.738851,2.023641,2.113462,True
298,central_extraction,0.000000,4.822728,6.611975,2.205576,,True
298,injector_1,1.098743,0.000000,6.574279,2.180778,,True
298,injector_2,1.248803,0.000000,6.641435,2.081168,2.299477,True
298,injector_3,1.187037,0.000000,6.722429,2.038748,,True
298,injector_4,1.301442,0.000000,6.743415,2.124779,,True
299,central_extraction,0.000000,4.712274,6.577348,2.245297,,True
299,injector_1,1.018689,0.000000,6.554724,2.103392,,True
299,injector_2,1.228779,0.000000,6.652377,2.104924,,True
299,injector_3,1.262408,0.000000,6.765813,1.996763,2.196053,True
299,injector_4,1.261317,0.000000,6.732730,2.090703,,True
300,central_extraction,0.000000,4.635544,6.573992,2.243599,2.235071,True
300,injector_1,1.045237,0.000000,6.592896,2.115725,2.241505,True
300,injector_2,1.141825,0.000000,6.639127,2.093239,,True
300,injector_3,1.252389,0.000000,6.730383,2.041621,,True
300,injector_4,1.280742,0.000000,6.737679,2.046686,2.083332,True
301,central_extraction,0.000000,4.701987,6.526841,2.219810,,True
301,injector_1,1.042455,0.000000,6.565950,2.145186,,True
301,injector_2,1.168147,0.000000,6.646776,2.025187,2.183555,True
301,injector_3,1.310804,0.000000,6.723259,2.088803,,True
301,injector_4,1.325648,0.000000,6.771484,2.093910,,True
302,central_extraction,0.000000,4.761319,6.548694,2.204841,,True
302,injector_1,1.093863,0.000000,6.534735,2.088057,,True
302,injector_2,1.107792,0.000000,6.609503,2.048744,,True
302,injector_3,1.240099,0.000000,6.745347,2.073916,2.188026,True
302,injector_4,1.266668,0.000000,6.712408,2.061290,,True
303,central_extraction,0.000000,4.689693,6.544810,2.191567,2.051393,True
303,injector_1,1.072651,0.000000,6.534879,2.119653,2.194246,True
303,injector_2,1.117280,0.000000,6.662633,2.031229,,True
303,injector_3,1.247442,0.000000,6.704467,1.984120,,True
303,injector_4,1.250214,0.000000,6.774420,2.067845,2.012121,True
304,central_extraction,0.000000,4.632157,6.571544,2.206621,,True
304,injector_1,0.931008,0.000000,6.549684,2.111670,,True
304,injector_2,1.172436,0.000000,6.645570,2.048544,,True
304,injector_3,1.222472,0.000000,6.697940,2.083883,,True
304,injector_4,1.333058,0.000000,6.720019,2.031047,,True
305,central_extraction,0.000000,4.616540,6.534635,2.177491,,True
305,injector_1,0.998030,0.000000,6.535058,2.126706,,True
305,injector_2,1.043830,0.000000,6.635414,2.092478,,True
305,injector_3,1.170032,0.000000,6.724741,1.983166,2.100035,True
305,injector_4,1.298916,0.000000,6.740598,1.968910,,True
306,central_extraction,0.000000,4.598807,6.573305,2.140526,,True
306,injector_1,1.096571,0.000000,6.503189,2.050714,2.145154,True
306,injector_2,1.126270,0.000000,6.641358,2.082291,,True
306,injector_3,1.198822,0.000000,6.689891,2.081978,,True
306,injector_4,1.276571,0.000000,6.748454,2.106387,2.112007,True
307,central_extraction,0.000000,4.414246,6.563616,2.178745,,True
307,injector_1,0.973454,0.000000,6.549361,2.087044,,True
307,injector_2,1.088975,0.000000,6.703471,2.033613,2.103757,True
307,injector_3,1.257098,0.000000,6.743890,2.056907,,True
307,injector_4,1.261420,0.000000,6.756334,2.063077,,True
308,central_extraction,0.000000,4.344663,6.571469,2.185137,,True
308,injector_1,1.036532,0.000000,6.563976,2.125658,,True
308,injector_2,1.167785,0.000000,6.659333,2.025149,,True
308,injector_3,1.232980,0.000000,6.774776,2.035925,2.010929,True
308,injector_4,1.268494,0.000000,6.744181,2.087431,,True
309,central_extraction,0.000000,4.500535,6.530200,2.106517,2.040354,True
309,injector_1,1.042890,0.000000,6.613502,2.074365,2.044083,True
309,injector_2,1.133265,0.000000,6.691241,2.111296,,True
309,injector_3,1.210428,0.000000,6.749632,2.041804,,True
309,injector_4,1.188885,0.000000,6.765791,2.057706,1.957122,True
310,central_extraction,0.000000,4.557730,6.537095,2.132788,,True
310,injector_1,1.045544,0.000000,6.566966,2.103288,,True
310,injector_2,1.109607,0.000000,6.643259,2.017879,2.088396,True
310,injector_3,1.235673,0.000000,6.736946,2.185475,,True
310,injector_4,1.248331,0.000000,6.732957,2.073937,,True
311,central_extraction,0.000000,4.709199,6.570433,2.118225,,True
311,injector_1,0.980803,0.000000,6.574720,2.104532,,True
311,injector_2,1.040322,0.000000,6.691844,2.084987,,True
311,injector_3,1.152763,0.000000,6.758511,2.023892,1.861116,True
311,injector_4,1.291143,0.000000,6.777686,2.110180,,True
312,central_extraction,0.000000,4.417791,6.546939,2.084762,2.021066,True
312,injector_1,0.986961,0.000000,6.493363,2.041093,1.998348,True
312,injector_2,1.068498,0.000000,6.673630,2.070596,,True
312,injector_3,1.190942,0.000000,6.756114,2.049657,,True
312,injector_4,1.246884,0.000000,6.722454,2.022826,1.882806,True
313,central_extraction,0.000000,4.561955,6.547512,2.046709,,True
313,injector_1,1.041626,0.000000,6.574224,2.099732,,True
313,injector_2,1.061298,0.000000,6.674264,2.098118,1.904841,True
313,injector_3,1.165918,0.000000,6.754221,2.069702,,True
313,injector_4,1.261266,0.000000,6.730055,2.121157,,True
314,central_extraction,0.000000,4.327440,6.536111,2.133391,,True
314,injector_1,1.047459,0.000000,6.595551,2.057704,,True
314,injector_2,1.152552,0.000000,6.684810,1.995475,,True
314,injector_3,1.208514,0.000000,6.764532,2.032072,1.881112,True
314,injector_4,1.230028,0.000000,6.744459,2.114068,,True
315,central_extraction,0.000000,4.554382,6.500629,2.137229,1.962716,True
315,injector_1,1.007695,0.000000,6.560781,2.034881,1.879666,True
315,injector_2,1.071227,0.000000,6.644622,2.007360,,True
315,injector_3,1.189827,0.000000,6.746162,2.005294,,True
315,injector_4,1.183536,0.000000,6.724391,2.148588,1.781438,True
316,central_extraction,0.000000,4.536908,6.548540,2.028938,,True
316,injector_1,1.007362,0.000000,6.578844,2.043014,,True
316,injector_2,1.020231,0.000000,6.685430,2.079664,1.906256,True
316,injector_3,1.081333,0.000000,6.775004,2.105009,,True
316,injector_4,1.163774,0.000000,6.672933,2.153325,,True
317,central_extraction,0.000000,4.532415,6.537822,2.067952,,True
317,injector_1,1.035459,0.000000,6.624339,2.078319,,True
317,injector_2,1.079183,0.000000,6.666501,1.984611,,True
317,injector_3,1.117621,0.000000,6.746570,2.077385,1.874111,True
317,injector_4,1.168782,0.000000,6.730928,2.131359,,True
318,central_extraction,0.000000,4.355415,6.561347,2.067613,1.938538,True
318,injector_1,1.087990,0.000000,6.615183,2.095052,1.993877,True
318,injector_2,0.967287,0.000000,6.671247,2.038204,,True
318,injector_3,1.071809,0.000000,6.763494,2.061836,,True
318,injector_4,1.174925,0.000000,6.724139,2.168094,1.788213,True
319,central_extraction,0.000000,4.288408,6.566295,2.062456,,True
319,injector_1,0.953269,0.000000,6.593321,2.057474,,True
319,injector_2,0.953947,0.000000,6.653682,2.043165,1.868060,True
319,injector_3,1.095620,0.000000,6.703126,2.139366,,True
319,injector_4,1.173638,0.000000,6.714426,2.085792,,True
320,central_extraction,0.000000,4.363306,6.595698,2.014496,,True
320,injector_1,1.007290,0.000000,6.546153,2.047011,,True
320,injector_2,0.982784,0.000000,6.686618,2.074950,,True
320,injector_3,1.112595,0.000000,6.742303,2.093952,,True
320,injector_4,1.185882,0.000000,6.710737,2.172127,,True
321,central_extraction,0.000000,4.244420,6.594942,2.033241,1.790239,True
321,injector_1,1.023835,0.000000,6.595073,2.108933,1.925275,True
321,injector_2,1.045458,0.000000,6.676364,2.037095,,True
321,injector_3,1.127760,0.000000,6.753215,2.081530,,True
321,injector_4,1.137704,0.000000,6.712130,2.180127,1.856379,True
322,central_extraction,0.000000,4.195075,6.582016,2.092883,,True
322,injector_1,1.011079,0.000000,6.613595,2.072717,,True
322,injector_2,1.013666,0.000000,6.673847,2.016005,1.775941,True
322,injector_3,1.061880,0.000000,6.752662,2.173263,,True
322,injector_4,1.139804,0.000000,6.708038,2.160889,,True
323,central_extraction,0.000000,4.222286,6.555256,2.030626,,True
323,injector_1,0.982659,0.000000,6.546198,2.071485,,True
323,injector_2,1.056651,0.000000,6.718264,2.098192,,True
323,injector_3,1.126004,0.000000,6.749180,2.006740,1.735166,True
323,injector_4,1.154727,0.000000,6.682118,2.172841,,True
324,central_extraction,0.000000,4.270279,6.544286,1.998592,1.766741,True
324,injector_1,1.011213,0.000000,6.605122,2.093412,1.875576,True
324,injector_2,0.940376,0.000000,6.652608,2.051127,,True
324,injector_3,1.085250,0.000000,6.763964,2.123197,,True
324,injector_4,1.115370,0.000000,6.677939,2.191050,1.780514,True
325,central_extraction,0.000000,4.129115,6.582711,2.065919,,True
325,injector_1,1.108368,0.000000,6.633346,2.093306,,True
325,injector_2,1.021593,0.000000,6.745875,2.072118,1.753726,True
325,injector_3,1.110724,0.000000,6.751554,2.162796,,True
325,injector_4,1.114658,0.000000,6.730069,2.125310,,True
326,central_extraction,0.000000,4.314510,6.586517,2.020677,,True
326,injector_1,1.072730,0.000000,6.574556,2.074030,,True
326,injector_2,1.030556,0.000000,6.721325,2.046290,,True
326,injector_3,1.091906,0.000000,6.752197,2.193343,1.722607,True
326,injector_4,1.078001,0.000000,6.730216,2.296010,,True
327,central_extraction,0.000000,4.182192,6.558203,2.009145,1.751179,True
327,injector_1,1.110278,0.000000,6.599558,2.060846,1.783473,True
327,injector_2,0.990115,0.000000,6.704191,2.141613,,True
327,injector_3,1.074438,0.000000,6.725267,2.148776,,True
327,injector_4,1.135398,0.000000,6.716204,2.239878,1.684920,True
328,central_extraction,0.000000,4.364214,6.569664,2.058201,,True
328,injector_1,1.116274,0.000000,6.609212,2.047233,,True
328,injector_2,0.977679,0.000000,6.740315,2.143797,1.678631,True
328,injector_3,1.101790,0.000000,6.725426,2.141459,,True
328,injector_4,1.089442,0.000000,6.671775,2.200945,,True
329,central_extraction,0.000000,4.229063,6.563213,2.039726,,True
329,injector_1,1.052648,0.000000,6.651836,2.072327,,True
329,injector_2,1.002206,0.000000,6.716551,2.055431,,True
329,injector_3,1.066087,0.000000,6.768163,2.126131,1.649877,True
329,injector_4,1.161886,0.000000,6.712347,2.278122,,True
330,central_extraction,0.000000,4.197498,6.535572,2.017129,1.623744,True
330,injector_1,1.117150,0.000000,6.614440,2.108354,1.689218,True
330,injector_2,1.033411,0.000000,6.710581,2.077680,,True
330,injector_3,1.035112,0.000000,6.705458,2.130169,,True
330,injector_4,1.103612,0.000000,6.730836,2.226147,1.635417,True
331,central_extraction,0.000000,4.201536,6.546443,2.041313,,True
331,injector_1,1.158259,0.000000,6.657911,2.034510,,True
331,injector_2,1.067461,0.000000,6.736733,2.134456,1.652499,True
331,injector_3,1.036433,0.000000,6.704761,2.124191,,True
331,injector_4,1.140726,0.000000,6.715410,2.273757,,True
332,central_extraction,0.000000,4.256844,6.552337,2.056097,,True
332,injector_1,1.164781,0.000000,6.629861,2.069163,,True
332,injector_2,1.048948,0.000000,6.706203,2.138675,,True
332,injector_3,1.068335,0.000000,6.790923,2.155984,1.635979,True
332,injector_4,1.104440,0.000000,6.649339,2.279610,,True
333,central_extraction,0.000000,4.298070,6.598459,2.067778,1.697510,True
333,injector_1,1.166084,0.000000,6.657208,2.132545,1.667087,True
333,injector_2,1.016028,0.000000,6.728656,2.154241,,True
333,injector_3,1.055833,0.000000,6.731573,2.241397,,True
333,injector_4,1.092684,0.000000,6.646168,2.236845,1.604437,True
334,central_extraction,0.000000,4.260418,6.540200,2.062063,,True
334,injector_1,1.097320,0.000000,6.612459,2.147942,,True
334,injector_2,0.964883,0.000000,6.676872,2.158563,1.591840,True
334,injector_3,1.077792,0.000000,6.781128,2.161156,,True
334,injector_4,1.107182,0.000000,6.676829,2.327554,,True
335,central_extraction,0.000000,4.301430,6.565769,2.030161,,True
335,injector_1,1.151241,0.000000,6.637116,2.036878,,True
335,injector_2,0.979970,0.000000,6.700453,2.148678,,True
335,injector_3,1.026261,0.000000,6.683295,2.260680,1.466626,True
335,injector_4,1.060617,0.000000,6.678127,2.343766,,True
336,central_extraction,0.000000,4.270194,6.556423,2.081259,1.597566,True
336,injector_1,1.146585,0.000000,6.702131,2.153449,1.612488,True
336,injector_2,1.068379,0.000000,6.729450,2.125461,,True
336,injector_3,1.064455,0.000000,6.762261,2.209550,,True
336,injector_4,1.105304,0.000000,6.662351,2.292748,,True
337,central_extraction,0.000000,4.222712,6.556320,2.077757,,True
337,injector_1,1.172382,0.000000,6.667558,2.069065,,True
337,injector_2,1.086485,0.000000,6.734954,2.078908,1.588364,True
337,injector_3,1.119509,0.000000,6.737364,2.213565,,True
337,injector_4,1.071433,0.000000,6.618796,2.373722,,True
338,central_extraction,0.000000,4.276279,6.530783,2.037779,,True
338,injector_1,1.135158,0.000000,6.643824,2.089855,,True
338,injector_2,0.938399,0.000000,6.751251,2.143118,,True
338,injector_3,1.027419,0.000000,6.713743,2.280385,1.491408,True
338,injector_4,1.069166,0.000000,6.646486,2.366067,,True
339,central_extraction,0.000000,4.353721,6.550093,2.102632,1.517718,True
339,injector_1,1.174477,0.000000,6.696746,2.103084,,True
339,injector_2,1.056309,0.000000,6.803665,2.197317,,True
339,injector_3,1.007687,0.000000,6.771928,2.233854,,True
339,injector_4,1.043289,0.000000,6.629356,2.348278,1.573888,True
340,central_extraction,0.000000,4.404471,6.572297,2.097553,,True
340,injector_1,1.236665,0.000000,6.617217,2.134266,,True
340,injector_2,1.077387,0.000000,6.730312,2.134213,1.479320,True
340,injector_3,1.043844,0.000000,6.776205,2.212563,,True
340,injector_4,1.070863,0.000000,6.623658,2.310232,,True
341,central_extraction,0.000000,4.138066,6.599076,2.093325,,True
341,injector_1,1.171181,0.000000,6.629106,2.215005,,True
341,injector_2,0.988332,0.000000,6.778131,2.227013,,True
341,injector_3,0.987891,0.000000,6.745292,2.236834,1.348543,True
341,injector_4,1.138718,0.000000,6.637347,2.318117,,True
342,central_extraction,0.000000,4.127485,6.580796,2.044813,1.485002,True
342,injector_1,1.186323,0.000000,6.665213,2.101270,1.416060,True
342,injector_2,1.075725,0.000000,6.724068,2.239234,,True
342,injector_3,1.060701,0.000000,6.704270,2.288354,,True
342,injector_4,1.037924,0.000000,6.604285,2.328142,1.531120,True
343,central_extraction,0.000000,4.312760,6.598362,2.058340,,True
343,injector_1,1.251644,0.000000,6.695634,2.118759,,True
343,injector_2,1.010564,0.000000,6.743790,2.242453,1.406125,True
343,injector_3,1.003506,0.000000,6.697867,2.313414,,True
343,injector_4,1.117062,0.000000,6.611593,2.376273,,True
344,central_extraction,0.000000,4.252918,6.625479,2.136310,,True
344,injector_1,1.153389,0.000000,6.631298,2.101657,,True
344,injector_2,1.078103,0.000000,6.751716,2.263601,,True
344,injector_3,0.966288,0.000000,6.743337,2.373196,1.484133,True
344,injector_4,1.033388,0.000000,6.595251,2.337797,,True
345,central_extraction,0.000000,4.349833,6.645392,2.097928,1.499694,True
345,injector_1,1.263851,0.000000,6.682636,2.184726,1.426838,True
345,injector_2,1.005721,0.000000,6.747299,2.216100,,True
345,injector_3,1.025888,0.000000,6.752773,2.256948,,True
345,injector_4,1.057949,0.000000,6.637047,2.338387,1.462563,True
346,central_extraction,0.000000,4.312790,6.623476,2.131337,,True
346,injector_1,1.190048,0.000000,6.672419,2.180477,,True
346,injector_2,1.124193,0.000000,6.779092,2.255239,1.339516,True
346,injector_3,1.051814,0.000000,6.724044,2.346058,,True
346,injector_4,1.036935,0.000000,6.622623,2.422817,,True
347,central_extraction,0.000000,4.217793,6.614290,2.098775,,True
347,injector_1,1.256271,0.000000,6.734286,2.126139,,True
347,injector_2,1.097893,0.000000,6.751531,2.238443,,True
347,injector_3,1.061803,0.000000,6.714694,2.338055,1.330304,True
347,injector_4,1.077557,0.000000,6.616740,2.391796,,True
348,central_extraction,0.000000,4.402568,6.634396,2.154146,1.389459,True
348,injector_1,1.216971,0.000000,6.703362,2.224337,1.366357,True
348,injector_2,1.123148,0.000000,6.728300,2.164813,,True
348,injector_3,1.003966,0.000000,6.738263,2.355776,,True
348,injector_4,1.033940,0.000000,6.644168,2.362691,1.426726,True
349,central_extraction,0.000000,4.320588,6.618611,2.048021,,True
349,injector_1,1.257059,0.000000,6.676981,2.150935,,True
349,injector_2,1.052003,0.000000,6.801800,2.291032,1.250229,True
349,injector_3,1.019440,0.000000,6.688561,2.394402,,True
349,injector_4,1.040848,0.000000,6.638146,2.381287,,True
350,central_extraction,0.000000,4.483837,6.561745,2.211026,,True
350,injector_1,1.247375,0.000000,6.672465,2.162370,,True
350,injector_2,1.066622,0.000000,6.729637,2.230464,,True
350,injector_3,1.013266,0.000000,6.688788,2.351687,1.291153,True
350,injector_4,1.007318,0.000000,6.633435,2.499901,,True
351,central_extraction,0.000000,4.408163,6.566846,2.101299,1.255114,True
351,injector_1,1.289907,0.000000,6.676000,2.223946,1.247632,True
351,injector_2,1.047845,0.000000,6.730636,2.251176,,True
351,injector_3,0.988933,0.000000,6.718183,2.410596,,True
351,injector_4,1.037965,0.000000,6.640554,2.460414,1.336314,True
352,central_extraction,0.000000,4.310718,6.618056,2.151334,,True
352,injector_1,1.250688,0.000000,6.681291,2.247238,,True
352,injector_2,1.109643,0.000000,6.761794,2.316608,1.280931,True
352,injector_3,1.050047,0.000000,6.700280,2.409180,,True
352,injector_4,1.036208,0.000000,6.627524,2.449671,,True
353,central_extraction,0.000000,4.257596,6.604711,2.255604,,True
353,injector_1,1.289444,0.000000,6.734579,2.210864,,True
353,injector_2,1.120366,0.000000,6.742799,2.304436,,True
353,injector_3,1.026680,0.000000,6.695281,2.401540,1.270151,True
353,injector_4,1.047638,0.000000,6.625819,2.464163,,True
354,central_extraction,0.000000,4.314089,6.598517,2.123968,1.220305,True
354,injector_1,1.257161,0.000000,6.683967,2.226929,1.203814,True
354,injector_2,1.129655,0.000000,6.734855,2.317353,,True
354,injector_3,1.057876,0.000000,6.709776,2.302839,,True
354,injector_4,1.068269,0.000000,6.600558,2.410902,1.358167,True
355,central_extraction,0.000000,4.496591,6.635974,2.221388,,True
355,injector_1,1.298089,0.000000,6.651610,2.252513,,True
355,injector_2,1.142000,0.000000,6.733840,2.342319,,True
355,injector_3,1.040528,0.000000,6.722555,2.442306,,True
355,injector_4,1.019745,0.000000,6.554087,2.400184,,True
356,central_extraction,0.000000,4.487097,6.625073,2.146892,,True
356,injector_1,1.343383,0.000000,6.677052,2.222005,,True
356,injector_2,1.146161,0.000000,6.740035,2.308581,,True
356,injector_3,1.098104,0.000000,6.697978,2.404006,1.265150,True
356,injector_4,1.029474,0.000000,6.590906,2.488962,,True
357,central_extraction,0.000000,4.552252,6.600264,2.216902,,True
357,injector_1,1.293602,0.000000,6.706262,2.356235,1.209941,True
357,injector_2,1.155761,0.000000,6.769413,2.394965,,True
357,injector_3,1.015582,0.000000,6.653501,2.446853,,True
357,injector_4,1.049205,0.000000,6.572286,2.492527,1.313433,True
358,central_extraction,0.000000,4.425231,6.652872,2.236805,,True
358,injector_1,1.342285,0.000000,6.701587,2.284516,,True
358,injector_2,1.158842,0.000000,6.716259,2.372003,1.219274,True
358,injector_3,1.034314,0.000000,6.685469,2.396417,,True
358,injector_4,0.933415,0.000000,6.629751,2.392858,,True
359,central_extraction,0.000000,4.500807,6.627333,2.279390,,True
359,injector_1,1.371336,0.000000,6.714858,2.288626,,True
359,injector_2,1.155710,0.000000,6.726729,2.398912,,True
359,injector_3,1.017837,0.000000,6.704268,2.445166,1.239298,True
359,injector_4,1.001173,0.000000,6.646810,2.499801,,True
360,central_extraction,0.000000,4.457737,6.636025,2.209536,1.183674,True
360,injector_1,1.288441,0.000000,6.721701,2.376481,1.152710,True
360,injector_2,1.226196,0.000000,6.745311,2.305611,,True
360,injector_3,1.049705,0.000000,6.699032,2.395735,,True
360,injector_4,1.058688,0.000000,6.583921,2.453561,1.346896,True
361,central_extraction,0.000000,4.442300,6.633916,2.203704,,True
361,injector_1,1.263389,0.000000,6.756631,2.292905,,True
361,injector_2,1.215283,0.000000,6.775955,2.403230,1.110196,True
361,injector_3,1.069923,0.000000,6.724193,2.387928,,True
361,injector_4,1.054100,0.000000,6.543872,2.458285,,True
362,central_extraction,0.000000,4.571739,6.669649,2.242601,,True
362,injector_1,1.328221,0.000000,6.712594,2.205465,,True
362,injector_2,1.178518,0.000000,6.752730,2.385416,,True
362,injector_3,1.064782,0.000000,6.647919,2.419323,1.245655,True
362,injector_4,1.005947,0.000000,6.619912,2.448308,,True
363,central_extraction,0.000000,4.611793,6.641431,2.239105,1.276501,True
363,injector_1,1.332147,0.000000,6.739014,2.309990,1.097244,True
363,injector_2,1.216965,0.000000,6.682507,2.391037,,True
363,injector_3,1.040403,0.000000,6.669646,2.402864,,True
363,injector_4,0.980452,0.000000,6.582781,2.484649,1.273306,True
364,central_extraction,0.000000,4.473640,6.624446,2.276584,,True
364,injector_1,1.282758,0.000000,6.728556,2.407491,,True
364,injector_2,1.208441,0.000000,6.750929,2.454038,1.226788,True
364,injector_3,1.145338,0.000000,6.676972,2.461621,,True
364,injector_4,1.006849,0.000000,6.568561,2.465153,,True
365,central_extraction,0.000000,4.522994,6.648301,2.253734,,True
365,injector_1,1.373384,0.000000,6.734902,2.325532,,True
365,injector_2,1.231639,0.000000,6.737922,2.373105,,True
365,injector_3,1.028646,0.000000,6.621344,2.426485,1.190239,True
365,injector_4,1.081588,0.000000,6.556310,2.474186,,True
366,central_extraction,0.000000,4.459002,6.647000,2.293555,1.142452,True
366,injector_1,1.357647,0.000000,6.695562,2.298420,1.097609,True
366,injector_2,1.202155,0.000000,6.752344,2.444168,,True
366,injector_3,1.115512,0.000000,6.671439,2.419011,,True
366,injector_4,1.015492,0.000000,6.646360,2.477525,1.246662,True
367,central_extraction,0.000000,4.551271,6.665673,2.279118,,True
367,injector_1,1.274610,0.000000,6.709456,2.344399,,True
367,injector_2,1.269601,0.000000,6.747378,2.454806,1.112420,True
367,injector_3,1.113712,0.000000,6.662639,2.413932,,True
367,injector_4,1.006028,0.000000,6.556948,2.453989,,True
368,central_extraction,0.000000,4.623755,6.672480,2.246193,,True
368,injector_1,1.361118,0.000000,6.723953,2.423857,,True
368,injector_2,1.154182,0.000000,6.779878,2.442141,,True
368,injector_3,1.072563,0.000000,6.645454,2.481717,1.125082,True
368,injector_4,0.989367,0.000000,6.563730,2.431161,,True
369,central_extraction,0.000000,4.572149,6.626172,2.295734,1.123575,True
369,injector_1,1.362636,0.000000,6.762041,2.386723,1.178711,True
369,injector_2,1.286909,0.000000,6.700598,2.454568,,True
369,injector_3,1.167784,0.000000,6.634637,2.460527,,True
369,injector_4,1.043546,0.000000,6.522135,2.451920,1.205662,True
370,central_extraction,0.000000,4.644129,6.647286,2.370223,,True
370,injector_1,1.388783,0.000000,6.803925,2.371680,,True
370,injector_2,1.293830,0.000000,6.725070,2.437630,1.018541,True
370,injector_3,1.115281,0.000000,6.634696,2.466021,,True
370,injector_4,1.053235,0.000000,6.548733,2.360798,,True
371,central_extraction,0.000000,4.504123,6.655153,2.353007,,True
371,injector_1,1.349888,0.000000,6.715352,2.426081,,True
371,injector_2,1.252828,0.000000,6.733370,2.440767,,True
371,injector_3,1.142336,0.000000,6.647141,2.399814,,True
371,injector_4,1.012834,0.000000,6.568041,2.481539,,True
372,central_extraction,0.000000,4.757511,6.686481,2.333876,1.171137,True
372,injector_1,1.416577,0.000000,6.744346,2.467690,1.010353,True
372,injector_2,1.168312,0.000000,6.719712,2.470125,,True
372,injector_3,1.154878,0.000000,6.675694,2.445004,,True
372,injector_4,1.051471,0.000000,6.618412,2.447307,1.211058,True
373,central_extraction,0.000000,4.761118,6.732472,2.412375,,True
373,injector_1,1.355801,0.000000,6.729328,2.463604,,True
373,injector_2,1.292233,0.000000,6.772175,2.469622,1.100719,True
373,injector_3,1.113790,0.000000,6.650867,2.561576,,True
373,injector_4,1.048362,0.000000,6.576348,2.443500,,True
374,central_extraction,0.000000,4.619436,6.712776,2.316098,,True
374,injector_1,1.358052,0.000000,6.734916,2.455081,,True
374,injector_2,1.322864,0.000000,6.721079,2.429713,,True
374,injector_3,1.158289,0.000000,6.664978,2.412921,1.207122,True
374,injector_4,1.047232,0.000000,6.566255,2.401862,,True
375,central_extraction,0.000000,4.664263,6.678865,2.336518,1.100368,True
375,injector_1,1.291391,0.000000,6.705577,2.460450,1.093985,True
375,injector_2,1.312446,0.000000,6.753521,2.438448,,True
375,injector_3,1.133524,0.000000,6.662761,2.471293,,True
375,injector_4,1.045146,0.000000,6.547981,2.375738,1.232282,True
376,central_extraction,0.000000,4.833788,6.700180,2.308804,,True
376,injector_1,1.294207,0.000000,6.750882,2.496831,,True
376,injector_2,1.240561,0.000000,6.704993,2.402690,1.125624,True
376,injector_3,1.159284,0.000000,6.595622,2.475253,,True
376,injector_4,1.074866,0.000000,6.531740,2.390350,,True
377,central_extraction,0.000000,4.854334,6.720388,2.373754,,True
377,injector_1,1.239917,0.000000,6.768814,2.434476,,True
377,injector_2,1.334821,0.000000,6.673354,2.434964,,True
377,injector_3,1.179191,0.000000,6.610989,2.432556,1.228440,True
377,injector_4,1.055255,0.000000,6.544751,2.327413,,True
378,central_extraction,0.000000,4.696498,6.720802,2.366552,1.168967,True
378,injector_1,1.344818,0.000000,6.755944,2.457539,1.133193,True
378,injector_2,1.295848,0.000000,6.709821,2.454067,,True
378,injector_3,1.187354,0.000000,6.620762,2.444970,,True
378,injector_4,1.063391,0.000000,6.556376,2.372384,1.278043,True
379,central_extraction,0.000000,4.692749,6.690860,2.367486,,True
379,injector_1,1.336780,0.000000,6.744012,2.436030,,True
379,injector_2,1.280537,0.000000,6.693995,2.452247,1.146744,True
379,injector_3,1.133483,0.000000,6.632429,2.503541,,True
379,injector_4,1.103306,0.000000,6.527416,2.355140,,True
380,central_extraction,0.000000,4.747477,6.712915,2.462228,,True
380,injector_1,1.319855,0.000000,6.797221,2.444679,,True
380,injector_2,1.286444,0.000000,6.738777,2.490231,,True
380,injector_3,1.185559,0.000000,6.650074,2.480642,1.224122,True
380,injector_4,1.090461,0.000000,6.566419,2.314592,,True
381,central_extraction,0.000000,4.853738,6.710481,2.405080,1.216119,True
381,injector_1,1.297729,0.000000,6.759606,2.449924,1.138869,True
381,injector_2,1.292490,0.000000,6.704853,2.399547,,True
381,injector_3,1.221435,0.000000,6.646055,2.380585,,True
381,injector_4,1.116745,0.000000,6.556855,2.379436,1.255683,True
382,central_extraction,0.000000,4.788835,6.715556,2.373171,,True
382,injector_1,1.284864,0.000000,6.753567,2.390267,,True
382,injector_2,1.360209,0.000000,6.659988,2.450785,1.192597,True
382,injector_3,1.153307,0.000000,6.638286,2.455966,,True
382,injector_4,1.007710,0.000000,6.532122,2.442343,,True
383,central_extraction,0.000000,4.724932,6.709098,2.392018,,True
383,injector_1,1.368716,0.000000,6.723795,2.517188,,True
383,injector_2,1.337200,0.000000,6.731508,2.363597,,True
383,injector_3,1.210164,0.000000,6.623676,2.420233,1.321976,True
383,injector_4,1.119069,0.000000,6.511487,2.396024,,True
384,central_extraction,0.000000,4.873770,6.720195,2.466246,1.268449,True
384,injector_1,1.286889,0.000000,6.750123,2.424295,1.191836,True
384,injector_2,1.363122,0.000000,6.681043,2.422363,,True
384,injector_3,1.212507,0.000000,6.600746,2.412827,,True
384,injector_4,1.081237,0.000000,6.574514,2.321036,1.263937,True
385,central_extraction,0.000000,4.855850,6.737883,2.455869,,True
385,injector_1,1.340164,0.000000,6.763081,2.430581,,True
385,injector_2,1.319195,0.000000,6.687981,2.419637,1.174395,True
385,injector_3,1.198657,0.000000,6.561675,2.365797,,True
385,injector_4,1.119795,0.000000,6.600795,2.321814,,True
386,central_extraction,0.000000,4.975720,6.698005,2.446149,,True
386,injector_1,1.264761,0.000000,6.745658,2.409159,,True
386,injector_2,1.371620,0.000000,6.692371,2.458425,,True
386,injector_3,1.274656,0.000000,6.594474,2.415856,1.257317,True
386,injector_4,1.139714,0.000000,6.514461,2.247741,,True
387,central_extraction,0.000000,4.784204,6.720852,2.392313,1.219887,True
387,injector_1,1.220060,0.000000,6.735774,2.437396,1.181865,True
387,injector_2,1.345019,0.000000,6.684654,2.425032,,True
387,injector_3,1.269888,0.000000,6.548727,2.512391,,True
387,injector_4,1.166338,0.000000,6.562749,2.340570,,True
388,central_extraction,0.000000,4.981496,6.696750,2.487218,,True
388,injector_1,1.249092,0.000000,6.734888,2.407116,,True
388,injector_2,1.292895,0.000000,6.697593,2.521980,1.249166,True
388,injector_3,1.173947,0.000000,6.593919,2.429886,,True
388,injector_4,1.141725,0.000000,6.566475,2.334581,,True
389,central_extraction,0.000000,4.896535,6.687255,2.365482,,True
389,injector_1,1.261449,0.000000,6.718948,2.458312,,True
389,injector_2,1.325618,0.000000,6.681732,2.422220,,True
389,injector_3,1.216199,0.000000,6.607274,2.419502,1.311460,True
389,injector_4,1.126987,0.000000,6.587215,2.305808,,True
390,central_extraction,0.000000,4.946278,6.700271,2.486311,1.265183,True
390,injector_1,1.235172,0.000000,6.760768,2.476723,,True
390,injector_2,1.349195,0.000000,6.691692,2.432039,,True
390,injector_3,1.235148,0.000000,6.571879,2.344055,,True
390,injector_4,1.145669,0.000000,6.547579,2.298097,1.275251,True
391,central_extraction,0.000000,4.811370,6.682312,2.468617,,True
391,injector_1,1.211972,0.000000,6.733285,2.429478,,True
391,injector_2,1.343567,0.000000,6.661509,2.413892,1.180608,True
391,injector_3,1.244092,0.000000,6.565143,2.364673,,True
391,injector_4,1.163039,0.000000,6.551137,2.284379,,True
392,central_extraction,0.000000,4.844558,6.750994,2.503080,,True
392,injector_1,1.225610,0.000000,6.708728,2.451081,,True
392,injector_2,1.355323,0.000000,6.724037,2.424554,,True
392,injector_3,1.297576,0.000000,6.589099,2.328685,1.227234,True
392,injector_4,1.089288,0.000000,6.546811,2.317239,,True
393,central_extraction,0.000000,4.844323,6.750354,2.386119,1.319095,True
393,injector_1,1.224641,0.000000,6.818119,2.451150,1.237790,True
393,injector_2,1.320683,0.000000,6.667935,2.386787,,True
393,injector_3,1.267256,0.000000,6.538247,2.265853,,True
393,injector_4,1.224330,0.000000,6.573209,2.306358,1.350152,True
394,central_extraction,0.000000,4.865738,6.725558,2.425890,,True
394,injector_1,1.199665,0.000000,6.706510,2.382926,,True
394,injector_2,1.375377,0.000000,6.643228,2.433906,1.316838,True
394,injector_3,1.327887,0.000000,6.565118,2.296171,,True
394,injector_4,1.140937,0.000000,6.539328,2.284844,,True
395,central_extraction,0.000000,4.863152,6.762919,2.425844,,True
395,injector_1,1.124178,0.000000,6.743972,2.474633,,True
395,injector_2,1.284422,0.000000,6.617250,2.388281,,True
395,injector_3,1.228064,0.000000,6.605245,2.307324,1.325530,True
395,injector_4,1.175716,0.000000,6.591059,2.272371,,True
396,central_extraction,0.000000,4.907027,6.707372,2.417641,1.319631,True
396,injector_1,1.196892,0.000000,6.707509,2.443643,1.245372,True
396,injector_2,1.391512,0.000000,6.662386,2.423249,,True
396,injector_3,1.263915,0.000000,6.539807,2.357863,,True
396,injector_4,1.256252,0.000000,6.557047,2.228845,1.251352,True
397,central_extraction,0.000000,4.932922,6.755068,2.469575,,True
397,injector_1,1.150540,0.000000,6.723157,2.506957,,True
397,injector_2,1.380100,0.000000,6.654685,2.358357,1.300711,True
397,injector_3,1.297154,0.000000,6.577661,2.327933,,True
397,injector_4,1.233073,0.000000,6.581679,2.245285,,True
398,central_extraction,0.000000,4.642375,6.734873,2.402000,,True
398,injector_1,1.199324,0.000000,6.753174,2.427046,,True
398,injector_2,1.321125,0.000000,6.615041,2.332827,,True
398,injector_3,1.323995,0.000000,6.562029,2.298271,1.281669,True
398,injector_4,1.222264,0.000000,6.550968,2.213861,,True
399,central_extraction,0.000000,5.035940,6.733552,2.538568,1.308197,True
399,injector_1,1.110980,0.000000,6.684887,2.475267,1.293226,True
399,injector_2,1.314616,0.000000,6.629848,2.411896,,True
399,injector_3,1.334119,0.000000,6.542865,2.281565,,True
399,injector_4,1.245977,0.000000,6.530475,2.250874,1.381532,True
400,central_extraction,0.000000,5.008194,6.695386,2.480593,,True
400,injector_1,1.112499,0.000000,6.738910,2.431641,,True
400,injector_2,1.331498,0.000000,6.646336,2.359714,1.434069,True
400,injector_3,1.322297,0.000000,6.594809,2.311763,,True
400,injector_4,1.211441,0.000000,6.528120,2.232079,,True
401,central_extraction,0.000000,5.017093,6.774207,2.497229,,True
401,injector_1,1.164849,0.000000,6.743387,2.369239,,True
401,injector_2,1.312902,0.000000,6.627446,2.392456,,True
401,injector_3,1.290570,0.000000,6.521660,2.209140,1.424847,True
401,injector_4,1.192837,0.000000,6.532808,2.288931,,True
402,central_extraction,0.000000,4.939717,6.688647,2.511210,1.431651,True
402,injector_1,1.178603,0.000000,6.745870,2.412353,1.304123,True
402,injector_2,1.348575,0.000000,6.617536,2.274339,,True
402,injector_3,1.241334,0.000000,6.591737,2.218728,,True
402,injector_4,1.236905,0.000000,6.547213,2.158208,1.427621,True
403,central_extraction,0.000000,4.873469,6.769284,2.384847,,True
403,injector_1,1.142656,0.000000,6.742206,2.441346,,True
403,injector_2,1.255535,0.000000,6.617402,2.398426,1.477917,True
403,injector_3,1.311611,0.000000,6.556544,2.252542,,True
403,injector_4,1.184732,0.000000,6.596010,2.165196,,True
404,central_extraction,0.000000,4.739679,6.784815,2.386467,,True
404,injector_1,1.105818,0.000000,6.679149,2.399995,,True
404,injector_2,1.300450,0.000000,6.649039,2.340599,,True
404,injector_3,1.326288,0.000000,6.585929,2.268429,1.388886,True
404,injector_4,1.203015,0.000000,6.584680,2.224661,,True
405,central_extraction,0.000000,5.011067,6.731732,2.493895,1.424226,True
405,injector_1,1.083630,0.000000,6.736288,2.364633,1.454592,True
405,injector_2,1.330314,0.000000,6.611928,2.291100,,True
405,injector_3,1.363469,0.000000,6.527052,2.252434,,True
405,injector_4,1.222845,0.000000,6.637611,2.213744,1.479016,True
406,central_extraction,0.000000,4.805905,6.781083,2.515050,,True
406,injector_1,1.076984,0.000000,6.721249,2.429306,,True
406,injector_2,1.312875,0.000000,6.616049,2.329922,,True
406,injector_3,1.284419,0.000000,6.525226,2.205844,,True
406,injector_4,1.274402,0.000000,6.540349,2.205598,,True
407,central_extraction,0.000000,4.859938,6.748766,2.406499,,True
407,injector_1,1.027337,0.000000,6.737431,2.394733,,True
407,injector_2,1.307534,0.000000,6.592299,2.337919,,True
407,injector_3,1.309950,0.000000,6.537015,2.186923,1.467428,True
407,injector_4,1.279141,0.000000,6.551330,2.174237,,True
408,central_extraction,0.000000,4.853998,6.799717,2.456083,,True
408,injector_1,1.097870,0.000000,6.713463,2.383860,1.507814,True
408,injector_2,1.263035,0.000000,6.568385,2.266239,,True
408,injector_3,1.344362,0.000000,6.508486,2.263627,,True
408,injector_4,1.253925,0.000000,6.558125,2.060795,1.504791,True
409,central_extraction,0.000000,4.926445,6.742881,2.376725,,True
409,injector_1,1.098483,0.000000,6.684306,2.382279,,True
409,injector_2,1.292352,0.000000,6.575269,2.274694,1.412534,True
409,injector_3,1.355171,0.000000,6.566815,2.249377,,True
409,injector_4,1.318848,0.000000,6.581315,2.127887,,True
410,central_extraction,0.000000,4.852387,6.737098,2.435924,,True
410,injector_1,1.053439,0.000000,6.673129,2.362908,,True
410,injector_2,1.261369,0.000000,6.625836,2.338407,,True
410,injector_3,1.341423,0.000000,6.522460,2.189101,1.537085,True
410,injector_4,1.299208,0.000000,6.620953,2.103514,,True
411,central_extraction,0.000000,4.917611,6.793396,2.380611,1.496747,True
411,injector_1,1.049215,0.000000,6.696582,2.359762,1.465925,True
411,injector_2,1.278299,0.000000,6.562279,2.337593,,True
411,injector_3,1.359816,0.000000,6.558447,2.142921,,True
411,injector_4,1.226861,0.000000,6.575106,2.187681,1.528850,True
412,central_extraction,0.000000,4.924975,6.741103,2.403034,,True
412,injector_1,1.079058,0.000000,6.734139,2.330351,,True
412,injector_2,1.267664,0.000000,6.593289,2.235216,1.537592,True
412,injector_3,1.346885,0.000000,6.579757,2.216758,,True
412,injector_4,1.287292,0.000000,6.578734,2.166849,,True
413,central_extraction,0.000000,4.860696,6.761140,2.464168,,True
413,injector_1,1.039525,0.000000,6.693333,2.328785,,True
413,injector_2,1.245817,0.000000,6.603488,2.268497,,True
413,injector_3,1.380449,0.000000,6.561231,2.114727,1.555013,True
413,injector_4,1.270574,0.000000,6.531701,1.994709,,True
414,central_extraction,0.000000,4.763157,6.747070,2.365451,1.457418,True
414,injector_1,1.042536,0.000000,6.655148,2.293208,1.410446,True
414,injector_2,1.282576,0.000000,6.561185,2.227533,,True
414,injector_3,1.303398,0.000000,6.592477,2.205092,,True
414,injector_4,1.276088,0.000000,6.599777,2.067791,1.456553,True
415,central_extraction,0.000000,4.906855,6.781563,2.357692,,True
415,injector_1,0.993877,0.000000,6.698826,2.314665,,True
415,injector_2,1.256667,0.000000,6.620408,2.284804,1.514471,True
415,injector_3,1.316498,0.000000,6.542489,2.142191,,True
415,injector_4,1.373734,0.000000,6.566564,2.054441,,True
416,central_extraction,0.000000,4.818678,6.749350,2.348505,,True
416,injector_1,0.970637,0.000000,6.652093,2.225820,,True
416,injector_2,1.219423,0.000000,6.577280,2.170833,,True
416,injector_3,1.372444,0.000000,6.520220,2.073049,1.519607,True
416,injector_4,1.248842,0.000000,6.579215,2.086096,,True
417,central_extraction,0.000000,4.778801,6.722684,2.364942,1.541466,True
417,injector_1,1.015378,0.000000,6.673456,2.247428,1.581977,True
417,injector_2,1.280708,0.000000,6.606968,2.218780,,True
417,injector_3,1.368167,0.000000,6.539743,2.137735,,True
417,injector_4,1.285627,0.000000,6.604353,2.057122,1.500724,True
418,central_extraction,0.000000,4.725962,6.783342,2.354599,,True
418,injector_1,1.035479,0.000000,6.667936,2.308849,,True
418,injector_2,1.267481,0.000000,6.610301,2.201388,1.557900,True
418,injector_3,1.305113,0.000000,6.541120,2.143093,,True
418,injector_4,1.291104,0.000000,6.614912,2.097900,,True
419,central_extraction,0.000000,4.678803,6.740165,2.304091,,True
419,injector_1,0.982841,0.000000,6.679247,2.244407,,True
419,injector_2,1.186754,0.000000,6.562849,2.174379,,True
419,injector_3,1.344923,0.000000,6.539623,2.103510,1.582196,True
419,injector_4,1.397659,0.000000,6.618931,2.130628,,True
